No,Type,Date,Author,Origin,Addressee,Destination,Repositories & Versions
1,Letter,22 May 1590,"Burgermeister and Council, Weil der Stadt, fl. 1590-1591","Weil der Stadt, Baden-Württemberg, Germany","Tübingen University, formed 1477","Tübingen, Baden-Württemberg, Germany",1 version reference
2,Letter,June 1590,"Kepler, Johannes, 1571-1630","Tübingen, Baden-Württemberg, Germany","Hochmann, Johann, 1528-1603","Tübingen, Baden-Württemberg, Germany",1 version reference
3,Letter,4 November 1591,"Tübingen University, formed 1477","Tübingen, Baden-Württemberg, Germany","Burgermeister and Council, Weil der Stadt, fl. 1590-1591","Weil der Stadt, Baden-Württemberg, Germany",1 version reference
4,Letter,17 December 1591,"Burgermeister and Council, Weil der Stadt, fl. 1590-1591","Weil der Stadt, Baden-Württemberg, Germany","Tübingen University, formed 1477","Tübingen, Baden-Württemberg, Germany",1 version reference
5,Letter,27 January 1593,"Schärer, Melchior, 1563-1624","Widdern, Baden-Württemberg, Germany","Kepler, Johannes, 1571-1630","Tübingen, Baden-Württemberg, Germany",1 version reference
6,Letter,12 February 1593,"Köllin, Matthias, 1570-1612","Blaubeuren Abbey, Blaubeuren, Baden-Württemberg, Germany","Kepler, Johannes, 1571-1630","Tübingen, Baden-Württemberg, Germany",1 version reference
7,Letter,24 July 1593,"Kepler, Johannes, 1571-1630","Leonberg, Baden-Württemberg, Germany","Kepler, Sebald, fl. 1530-1593","Weil der Stadt, Baden-Württemberg, Germany",1 version reference
8,Letter,28 February 1594,"Kepler, Johannes, 1571-1630","Tübingen, Baden-Württemberg, Germany","Faculty of Theological , University of Tübingen, fl. 1594","Tübingen, Baden-Württemberg, Germany",1 version reference
9,Letter,8 April 1594,"Kepler, Johannes, 1571-1630","Graz, Styria, Austria","School Inspectors, Graz","Graz, Styria, Austria",1 version reference
10,Letter,1 August 1594,"Kepler, Johannes, 1571-1630","Graz, Styria, Austria","Styria, the Government of, fl. 1597","Styria, Austria",1 version reference
11,Letter,August 1594,"Kepler, Johannes, 1571-1630","Graz, Styria, Austria","Court Council of War, Styria, fl. 1594","Graz, Styria, Austria",1 version reference
12,Letter,August 1594,"Kepler, Johannes, 1571-1630","Graz, Styria, Austria",Unknown,,1 version reference
13,Letter,19 October 1594,"Kepler, Johannes, 1571-1630","Graz, Styria, Austria","Gerlach, Stephan, 1546-1612","Tübingen, Baden-Württemberg, Germany",1 version reference
14,Letter,14 November 1594,"Mästlin, Michael, 1550-1631","Calw, Baden-Württemberg, Germany","Kepler, Johannes, 1571-1630","Graz, Styria, Austria",1 version reference
15,Letter,14 November 1594,"Hafenreffer, Matthias, 1561-1619","Calw, Baden-Württemberg, Germany","Kepler, Johannes, 1571-1630","Graz, Styria, Austria",1 version reference
16,Letter,8 January 1595,"Kepler, Johannes, 1571-1630","Graz, Styria, Austria","Mästlin, Michael, 1550-1631","Calw, Baden-Württemberg, Germany",1 version reference
17,Letter,5 February 1595,"Mästlin, Michael, 1550-1631","Calw, Baden-Württemberg, Germany","Kepler, Johannes, 1571-1630","Graz, Styria, Austria",1 version reference
18,Letter,7 May 1595,"Kepler, Johannes, 1571-1630","Graz, Styria, Austria","Mästlin, Michael, 1550-1631","Tübingen, Baden-Württemberg, Germany",1 version reference
19,Letter,14 May 1595,"Vischses, Konrad, 1577-1607",,"Kepler, Johannes, 1571-1630","Graz, Styria, Austria",1 version reference
20,Letter,20 June 1595,"Ortholph, Christoph, b.1573","Hirsau, Baden-Württemberg, Germany","Kepler, Johannes, 1571-1630","Graz, Styria, Austria",1 version reference
21,Letter,2 August 1595,"Kepler, Johannes, 1571-1630","Graz, Styria, Austria","Mästlin, Michael, 1550-1631","Tübingen, Baden-Württemberg, Germany",1 version reference
22,Letter,14 September 1595,"Kepler, Johannes, 1571-1630","Graz, Styria, Austria","Mästlin, Michael, 1550-1631","Tübingen, Baden-Württemberg, Germany",1 version reference
23,Letter,3 October 1595,"Kepler, Johannes, 1571-1630","Graz, Styria, Austria","Mästlin, Michael, 1550-1631","Tübingen, Baden-Württemberg, Germany",1 version reference
24,Letter,20 October 1595,"Kepler, Johannes, 1571-1630","Graz, Styria, Austria","Mästlin, Michael, 1550-1631","Tübingen, Baden-Württemberg, Germany",1 version reference
25,Letter,1 November 1595,"Tschernembl, Georg Erasmus von, 1567-1626","Schwertberg, Upper Austria, Austria","Kepler, Johannes, 1571-1630","Graz, Styria, Austria",1 version reference
26,Letter,15 November 1595,"Kepler, Johannes, 1571-1630","Graz, Styria, Austria","Reimers, Nicolaus, 1551-1660","Prague, Czech Republic",1 version reference
27,Letter,13 December 1595,"Kepler, Johannes, 1571-1630","Graz, Styria, Austria","Styria, Councillors of, fl. 1595","Graz, Styria, Austria",1 version reference
28,Letter,17 February 1596,"Kepler, Johannes, 1571-1630","Stuttgart, Baden-Württemberg, (Swabian Imperial Circle) Germany, (Holy Roman Empire)","Württemberg, Friedrich I von, 1557-1608","Stuttgart, Baden-Württemberg, (Swabian Imperial Circle) Germany, (Holy Roman Empire)",1 version reference
29,Letter,27 February 1596,"Mästlin, Michael, 1550-1631","Tübingen, Baden-Württemberg, Germany","Kepler, Johannes, 1571-1630","Graz, Styria, Austria",1 version reference
30,Letter,29 February 1596,"Kepler, Johannes, 1571-1630","Stuttgart, Baden-Württemberg, (Swabian Imperial Circle) Germany, (Holy Roman Empire)","Württemberg, Friedrich I von, 1557-1608","Stuttgart, Baden-Württemberg, (Swabian Imperial Circle) Germany, (Holy Roman Empire)",1 version reference
31,Letter,12 March 1596,"Mästlin, Michael, 1550-1631","Tübingen, Baden-Württemberg, Germany","Württemberg, Friedrich I von, 1557-1608","Stuttgart, Baden-Württemberg, (Swabian Imperial Circle) Germany, (Holy Roman Empire)",1 version reference
32,Letter,22 March 1596,"Osiander, Lucas II, 1571-1638","Göppingen, Baden-Württemberg, Germany","Kepler, Johannes, 1571-1630","Stuttgart, Baden-Württemberg, (Swabian Imperial Circle) Germany, (Holy Roman Empire)",1 version reference
33,Letter,March 1596,"Kepler, Johannes, 1571-1630","Stuttgart, Baden-Württemberg, (Swabian Imperial Circle) Germany, (Holy Roman Empire)","Mästlin, Michael, 1550-1631","Tübingen, Baden-Württemberg, Germany",1 version reference
34,Letter,March 1596,"Kepler, Johannes, 1571-1630","Stuttgart, Baden-Württemberg, (Swabian Imperial Circle) Germany, (Holy Roman Empire)","Württemberg, Friedrich I von, 1557-1608","Stuttgart, Baden-Württemberg, (Swabian Imperial Circle) Germany, (Holy Roman Empire)",1 version reference
35,Letter,1 April 1596,"Kepler, Johannes, 1571-1630","Stuttgart, Baden-Württemberg, (Swabian Imperial Circle) Germany, (Holy Roman Empire)","Mästlin, Michael, 1550-1631","Tübingen, Baden-Württemberg, Germany",1 version reference
36,Letter,3 April 1596,"Kepler, Johannes, 1571-1630","Stuttgart, Baden-Württemberg, (Swabian Imperial Circle) Germany, (Holy Roman Empire)","Mästlin, Michael, 1550-1631","Tübingen, Baden-Württemberg, Germany",1 version reference
37,Letter,11 April 1596,"Mästlin, Michael, 1550-1631","Tübingen, Baden-Württemberg, Germany","Kepler, Johannes, 1571-1630","Stuttgart, Baden-Württemberg, (Swabian Imperial Circle) Germany, (Holy Roman Empire)",1 version reference
38,Letter,13 April 1596,"Kepler, Johannes, 1571-1630","Stuttgart, Baden-Württemberg, (Swabian Imperial Circle) Germany, (Holy Roman Empire)","Mästlin, Michael, 1550-1631","Tübingen, Baden-Württemberg, Germany",1 version reference
39,Letter,15 April 1596,"Kepler, Johannes, 1571-1630","Stuttgart, Baden-Württemberg, (Swabian Imperial Circle) Germany, (Holy Roman Empire)","Mästlin, Michael, 1550-1631","Tübingen, Baden-Württemberg, Germany",1 version reference
40,Letter,1 May 1596,"Kepler, Johannes, 1571-1630","Tübingen, Baden-Württemberg, Germany","Tübingen University, formed 1477","Tübingen, Baden-Württemberg, Germany",1 version reference
41,Letter,17 May 1596,"Pape, Johann, 1558-1622","Tübingen, Baden-Württemberg, Germany","Kepler, Johannes, 1571-1630","Stuttgart, Baden-Württemberg, (Swabian Imperial Circle) Germany, (Holy Roman Empire)",1 version reference
42,Letter,28 May 1596,"Kepler, Johannes, 1571-1630","Stuttgart, Baden-Württemberg, (Swabian Imperial Circle) Germany, (Holy Roman Empire)","Württemberg, Friedrich I von, 1557-1608","Stuttgart, Baden-Württemberg, (Swabian Imperial Circle) Germany, (Holy Roman Empire)",1 version reference
43,Letter,May 1596,"Mästlin, Michael, 1550-1631","Tübingen, Baden-Württemberg, Germany","Hafenreffer, Matthias, 1561-1619","Tübingen, Baden-Württemberg, Germany",1 version reference
44,Letter,6 June 1596,"Hafenreffer, Matthias, 1561-1619","Tübingen, Baden-Württemberg, Germany","Kepler, Johannes, 1571-1630","Stuttgart, Baden-Württemberg, (Swabian Imperial Circle) Germany, (Holy Roman Empire)",1 version reference
45,Letter,7 June 1596,"Pape, Johann, 1558-1622","Tübingen, Baden-Württemberg, Germany","Kepler, Johannes, 1571-1630","Stuttgart, Baden-Württemberg, (Swabian Imperial Circle) Germany, (Holy Roman Empire)",1 version reference
46,Letter,9 June 1596,"Crusius, Martin, 1526-1607","Tübingen, Baden-Württemberg, Germany","Kepler, Johannes, 1571-1630","Stuttgart, Baden-Württemberg, (Swabian Imperial Circle) Germany, (Holy Roman Empire)",1 version reference
47,Letter,11 June 1596,"Kepler, Johannes, 1571-1630","Stuttgart, Baden-Württemberg, (Swabian Imperial Circle) Germany, (Holy Roman Empire)","Mästlin, Michael, 1550-1631","Tübingen, Baden-Württemberg, Germany",1 version reference
48,Letter,14 June 1596,"Hafenreffer, Matthias, 1561-1619","Tübingen, Baden-Württemberg, Germany","Kepler, Johannes, 1571-1630","Stuttgart, Baden-Württemberg, (Swabian Imperial Circle) Germany, (Holy Roman Empire)",1 version reference
49,Letter,27 June 1596,"Kepler, Johannes, 1571-1630","Stuttgart, Baden-Württemberg, (Swabian Imperial Circle) Germany, (Holy Roman Empire)","Württemberg, Friedrich I von, 1557-1608","Stuttgart, Baden-Württemberg, (Swabian Imperial Circle) Germany, (Holy Roman Empire)",1 version reference
50,Letter,3 July 1596,"Kepler, Johannes, 1571-1630","Stuttgart, Baden-Württemberg, (Swabian Imperial Circle) Germany, (Holy Roman Empire)","Württemberg, Friedrich I von, 1557-1608","Stuttgart, Baden-Württemberg, (Swabian Imperial Circle) Germany, (Holy Roman Empire)",1 version reference
51,Letter,11 September 1596,"Kepler, Johannes, 1571-1630","Graz, Styria, Austria","Styria, the Government of, fl. 1597","Graz, Styria, Austria",1 version reference
52,Letter,15 November 1596 - 16 November 1596,"Mästlin, Michael, 1550-1631","Tübingen, Baden-Württemberg, Germany","Kepler, Johannes, 1571-1630","Graz, Styria, Austria",1 version reference
53,Letter,24 December 1596,"Leibfrid, Christoph, 1566-1635","Tübingen, Baden-Württemberg, Germany","Mästlin, Michael, 1550-1631","Tübingen, Baden-Württemberg, Germany",1 version reference
54,Letter,28 December 1596,"Württemberg, Friedrich I von, 1557-1608","Stuttgart, Baden-Württemberg, (Swabian Imperial Circle) Germany, (Holy Roman Empire)","Mästlin, Michael, 1550-1631","Tübingen, Baden-Württemberg, Germany",1 version reference
55,Letter,December 1596,"Leibfrid, Christoph, 1566-1635","Tübingen, Baden-Württemberg, Germany","Mästlin, Michael, 1550-1631","Tübingen, Baden-Württemberg, Germany",1 version reference
56,Letter,7 January 1597,"Kepler, Johannes, 1571-1630","Graz, Styria, Austria","Mästlin, Michael, 1550-1631","Tübingen, Baden-Württemberg, Germany",1 version reference
57,Letter,10 January 1597,"Mästlin, Michael, 1550-1631","Tübingen, Baden-Württemberg, Germany","Kepler, Johannes, 1571-1630","Graz, Styria, Austria",1 version reference
58,Letter,17 January 1597,"Kepler, Johannes, 1571-1630","Graz, Styria, Austria","Church Minister, Graz, fl. 1597","Graz, Styria, Austria",1 version reference
59,Letter,27 January 1597,"Mästlin, Michael, 1550-1631","Tübingen, Baden-Württemberg, Germany","Württemberg, Friedrich I von, 1557-1608",,1 version reference
60,Letter,1 February 1597,"Württemberg, Friedrich I von, 1557-1608","Stuttgart, Baden-Württemberg, (Swabian Imperial Circle) Germany, (Holy Roman Empire)","Mästlin, Michael, 1550-1631","Tübingen, Baden-Württemberg, Germany",1 version reference
61,Letter,2 February 1597,"Mästlin, Michael, 1550-1631","Tübingen, Baden-Württemberg, Germany","Kepler, Johannes, 1571-1630","Graz, Styria, Austria",1 version reference
62,Letter,10 February 1597,"Kepler, Johannes, 1571-1630","Graz, Styria, Austria","Mästlin, Michael, 1550-1631","Tübingen, Baden-Württemberg, Germany",1 version reference
63,Letter,9 March 1597,"Mästlin, Michael, 1550-1631","Tübingen, Baden-Württemberg, Germany","Kepler, Johannes, 1571-1630","Graz, Styria, Austria",1 version reference
64,Letter,3 April 1597,"Crusius, Martin, 1526-1607","Tübingen, Baden-Württemberg, Germany","Kepler, Johannes, 1571-1630","Graz, Styria, Austria",1 version reference
65,Letter,9 April 1597,"Kepler, Johannes, 1571-1630","Graz, Styria, Austria","Mästlin, Michael, 1550-1631","Tübingen, Baden-Württemberg, Germany",1 version reference
66,Letter,12 April 1597,"Kepler, Johannes, 1571-1630","Graz, Styria, Austria","Styria, the Government of, fl. 1597","Graz, Styria, Austria",1 version reference
67,Letter,27 April 1597,"Mästlin, Michael, 1550-1631","Tübingen, Baden-Württemberg, Germany","Kepler, Johannes, 1571-1630","Graz, Styria, Austria",1 version reference
68,Letter,4 May 1597,"Röslin, Helisaeus, 1545-1616","Haguenau, Grand Est, France","Herwart von Hohenburg, Hans Georg, 1553-1622","Munich, Bavaria, Germany",1 version reference
69,Letter,29 May 1597,"Reimers, Nicolaus, 1551-1660","Prague, Czech Republic","Kepler, Johannes, 1571-1630","Graz, Styria, Austria",1 version reference
70,Letter,30 June 1597,"Kepler, Johannes, 1571-1630","Graz, Styria, Austria","School Inspectors, Graz","Graz, Styria, Austria",1 version reference
71,Letter,11 July 1597,"Mästlin, Michael, 1550-1631","Tübingen, Baden-Württemberg, Germany","Kepler, Johannes, 1571-1630","Graz, Styria, Austria",1 version reference
72,Letter,20 July 1597,"Röslin, Helisaeus, 1545-1616","Haguenau, Grand Est, France","Herwart von Hohenburg, Hans Georg, 1553-1622","Munich, Bavaria, Germany",1 version reference
73,Letter,4 August 1597,"Galilei, Galileo, 1564-1642","Padua, Veneto, Italy","Kepler, Johannes, 1571-1630","Graz, Styria, Austria",1 version reference
74,Letter,12 September 1597,"Kepler, Johannes, 1571-1630","Graz, Styria, Austria","Herwart von Hohenburg, Hans Georg, 1553-1622","Munich, Bavaria, Germany",1 version reference
75,Letter,4 October 1597,"Röslin, Helisaeus, 1545-1616","Haguenau, Grand Est, France","Herwart von Hohenburg, Hans Georg, 1553-1622","Munich, Bavaria, Germany",1 version reference
76,Letter,13 October 1597,"Kepler, Johannes, 1571-1630","Graz, Styria, Austria","Galilei, Galileo, 1564-1642","Padua, Veneto, Italy",1 version reference
77,Letter,24 October 1597,"Herwart von Hohenburg, Hans Georg, 1553-1622","Munich, Bavaria, Germany","Kepler, Johannes, 1571-1630","Graz, Styria, Austria",1 version reference
78,Letter,30 October 1597,"Mästlin, Michael, 1550-1631","Tübingen, Baden-Württemberg, Germany","Kepler, Johannes, 1571-1630","Graz, Styria, Austria",1 version reference
79,Letter,October 1597,"Kepler, Johannes, 1571-1630","Graz, Styria, Austria","Mästlin, Michael, 1550-1631","Tübingen, Baden-Württemberg, Germany",1 version reference
80,Letter,4 November 1597,"Fickler, Johann Baptist, 1533-1610","Munich, Bavaria, Germany","Kepler, Johannes, 1571-1630","Graz, Styria, Austria",1 version reference
81,Letter,1 December 1597,"Kepler, Johannes, 1571-1630","Graz, Styria, Austria","Vochtmann, Matthias, fl. 1597","Bruck an der Mur, Styria, Austria",1 version reference
82,Letter,13 December 1597,"Kepler, Johannes, 1571-1630","Graz, Styria, Austria","Brahe, Tycho, 1546-1601","Wandsbek, Hamburg, Germany",1 version reference
83,Letter,24 December 1597,"Kepler, Johannes, 1571-1630","Graz, Styria, Austria","Herwart von Hohenburg, Hans Georg, 1553-1622","Munich, Bavaria, Germany",1 version reference
84,Letter,1597,"Pleuring, Johannes, fl. 1597","Burgstein, Baden-Württemberg, Germany","Kepler, Johannes, 1571-1630","Graz, Styria, Austria",1 version reference
85,Letter,6 January 1598,"Kepler, Johannes, 1571-1630","Graz, Styria, Austria","Mästlin, Michael, 1550-1631","Tübingen, Baden-Württemberg, Germany",1 version reference
86,Letter,14 February 1598,"Praetorius, Johannes, 1537-1616","Altdorf, Bavaria, Germany","Herwart von Hohenburg, Hans Georg, 1553-1622","Munich, Bavaria, Germany",1 version reference
87,Letter,10 March 1598,"Herwart von Hohenburg, Hans Georg, 1553-1622","Munich, Bavaria, Germany","Kepler, Johannes, 1571-1630","Graz, Styria, Austria",1 version reference
88,Letter,11 March 1598,"Württemberg, Friedrich I von, 1557-1608","Stuttgart, Baden-Württemberg, (Swabian Imperial Circle) Germany, (Holy Roman Empire)","Kepler, Johannes, 1571-1630","Graz, Styria, Austria",1 version reference
89,Letter,12 March 1598,"Herwart von Hohenburg, Hans Georg, 1553-1622","Munich, Bavaria, Germany","Kepler, Johannes, 1571-1630","Graz, Styria, Austria",1 version reference
90,Letter,15 March 1598,"Kepler, Johannes, 1571-1630","Graz, Styria, Austria","Mästlin, Michael, 1550-1631","Tübingen, Baden-Württemberg, Germany",1 version reference
91,Letter,26 March 1598,"Kepler, Johannes, 1571-1630","Graz, Styria, Austria","Herwart von Hohenburg, Hans Georg, 1553-1622","Munich, Bavaria, Germany",1 version reference
92,Letter,1 April 1598,"Brahe, Tycho, 1546-1601","Wandsbek, Hamburg, Germany","Kepler, Johannes, 1571-1630","Graz, Styria, Austria",1 version reference
93,Letter,12 April 1598,"Hafenreffer, Matthias, 1561-1619","Tübingen, Baden-Württemberg, Germany","Kepler, Johannes, 1571-1630","Graz, Styria, Austria",1 version reference
94,Letter,21 April 1598,"Brahe, Tycho, 1546-1601","Wandsbek, Hamburg, Germany","Mästlin, Michael, 1550-1631","Tübingen, Baden-Württemberg, Germany",1 version reference
95,Letter,23 April 1598,"Praetorius, Johannes, 1537-1616","Altdorf, Bavaria, Germany","Herwart von Hohenburg, Hans Georg, 1553-1622","Munich, Bavaria, Germany",1 version reference
96,Letter,24 April 1598,"Limnäus, Georg, 1554-1611","Jena, Thuringia, Germany","Kepler, Johannes, 1571-1630","Graz, Styria, Austria",1 version reference
97,Letter,2 May 1598,"Mästlin, Michael, 1550-1631","Tübingen, Baden-Württemberg, Germany","Kepler, Johannes, 1571-1630","Graz, Styria, Austria",1 version reference
98,Letter,7 May 1598,"Praetorius, Johannes, 1537-1616","Altdorf, Bavaria, Germany","Herwart von Hohenburg, Hans Georg, 1553-1622","Munich, Bavaria, Germany",1 version reference
99,Letter,1 June 1598,"Kepler, Johannes, 1571-1630","Graz, Styria, Austria","Mästlin, Michael, 1550-1631","Tübingen, Baden-Württemberg, Germany",1 version reference
100,Letter,2 July 1598,"Mästlin, Michael, 1550-1631","Tübingen, Baden-Württemberg, Germany","Kepler, Johannes, 1571-1630","Graz, Styria, Austria",1 version reference
101,Letter,4 July 1598,"Mästlin, Michael, 1550-1631","Tübingen, Baden-Württemberg, Germany","Kepler, Johannes, 1571-1630","Graz, Styria, Austria",1 version reference
102,Letter,6 August 1598,"Hafenreffer, Matthias, 1561-1619","Tübingen, Baden-Württemberg, Germany","Kepler, Johannes, 1571-1630","Graz, Styria, Austria",1 version reference
103,Letter,11 August 1598,"Kepler, Johannes, 1571-1630","Baierdorf bei Anger, Styria, Austria","Mästlin, Michael, 1550-1631","Tübingen, Baden-Württemberg, Germany",1 version reference
104,Letter,15 October 1598,"Herwart von Hohenburg, Hans Georg, 1553-1622","Munich, Bavaria, Germany","Kepler, Johannes, 1571-1630","Graz, Styria, Austria",1 version reference
105,Letter,15 November 1598,"Zehentmair, Colmann, fl. 1593-1600","Hrastnik, Hrastnik, Slovenia","Kepler, Johannes, 1571-1630","Graz, Styria, Austria",1 version reference
106,Letter,8 December 1598,"Kepler, Johannes, 1571-1630","Graz, Styria, Austria","Mästlin, Michael, 1550-1631","Tübingen, Baden-Württemberg, Germany",1 version reference
107,Letter,16 December 1598,"Kepler, Johannes, 1571-1630","Graz, Styria, Austria","Herwart von Hohenburg, Hans Georg, 1553-1622","Munich, Bavaria, Germany",1 version reference
108,Letter,24 December 1598,"Zehentmair, Colmann, fl. 1593-1600","Hrastnik, Hrastnik, Slovenia","Kepler, Johannes, 1571-1630","Graz, Styria, Austria",1 version reference
109,Letter,2 January 1599,"Herwart von Hohenburg, Hans Georg, 1553-1622","Munich, Bavaria, Germany","Kepler, Johannes, 1571-1630","Graz, Styria, Austria",1 version reference
110,Letter,11 January 1599 - 12 January 1599,"Mästlin, Michael, 1550-1631","Tübingen, Baden-Württemberg, Germany","Kepler, Johannes, 1571-1630","Graz, Styria, Austria",1 version reference
111,Letter,29 January 1599,"Kepler, Johannes, 1571-1630","Graz, Styria, Austria","Herwart von Hohenburg, Hans Georg, 1553-1622","Munich, Bavaria, Germany",1 version reference
112,Letter,16 February 1599,"Kepler, Johannes, 1571-1630","Graz, Styria, Austria","Mästlin, Michael, 1550-1631","Tübingen, Baden-Württemberg, Germany",1 version reference
113,Letter,19 February 1599,"Kepler, Johannes, 1571-1630","Graz, Styria, Austria","Brahe, Tycho, 1546-1601","Wittenberg, Saxony-Anhalt, Germany",1 version reference
114,Letter,10 March 1599,"Herwart von Hohenburg, Hans Georg, 1553-1622","Munich, Bavaria, Germany","Kepler, Johannes, 1571-1630","Graz, Styria, Austria",1 version reference
115,Letter,23 March 1599,"Zehentmair, Colmann, fl. 1593-1600","Hrastnik, Hrastnik, Slovenia","Kepler, Johannes, 1571-1630","Graz, Styria, Austria",1 version reference
116,Letter,2 April 1599,"Zehentmair, Colmann, fl. 1593-1600","Hrastnik, Hrastnik, Slovenia","Kepler, Johannes, 1571-1630","Graz, Styria, Austria",1 version reference
117,Letter,9 April 1599 - 10 April 1599,"Kepler, Johannes, 1571-1630","Graz, Styria, Austria","Herwart von Hohenburg, Hans Georg, 1553-1622","Munich, Bavaria, Germany",1 version reference
118,Letter,12 April 1599,"Mästlin, Michael, 1550-1631","Tübingen, Baden-Württemberg, Germany","Kepler, Johannes, 1571-1630","Graz, Styria, Austria",1 version reference
119,Letter,20 April 1599,"Zehentmair, Colmann, fl. 1593-1600","Graz, Styria, Austria","Kepler, Johannes, 1571-1630","Graz, Styria, Austria",1 version reference
120,Letter,26 April 1599,"Zehentmair, Colmann, fl. 1593-1600","Hrastnik, Hrastnik, Slovenia","Kepler, Johannes, 1571-1630","Graz, Styria, Austria",1 version reference
121,Letter,16 May 1599,"Herwart von Hohenburg, Hans Georg, 1553-1622","Munich, Bavaria, Germany","Kepler, Johannes, 1571-1630","Graz, Styria, Austria",1 version reference
122,Letter,24 May 1599,"Zehentmair, Colmann, fl. 1593-1600","Hrastnik, Hrastnik, Slovenia","Kepler, Johannes, 1571-1630","Graz, Styria, Austria",1 version reference
123,Letter,30 May 1599,"Kepler, Johannes, 1571-1630","Graz, Styria, Austria","Herwart von Hohenburg, Hans Georg, 1553-1622","Munich, Bavaria, Germany",1 version reference
124,Letter,12 June 1599,"Zehentmair, Colmann, fl. 1593-1600","Hrastnik, Hrastnik, Slovenia","Kepler, Johannes, 1571-1630","Graz, Styria, Austria",1 version reference
125,Letter,17 June 1599,"Mästlin, Michael, 1550-1631","Tübingen, Baden-Württemberg, Germany","Kepler, Johannes, 1571-1630","Graz, Styria, Austria",1 version reference
126,Letter,23 June 1599,"Zehentmair, Colmann, fl. 1593-1600","Hrastnik, Hrastnik, Slovenia","Kepler, Johannes, 1571-1630","Graz, Styria, Austria",1 version reference
127,Letter,25 June 1599,"Pape, Johann, 1558-1622","Ansbach, Bavaria, Germany","Kepler, Johannes, 1571-1630","Graz, Styria, Austria",1 version reference
128,Letter,18 July 1599,"Kepler, Johannes, 1571-1630","Graz, Styria, Austria","Bruce, Edmund, fl. 1597-1605","Padua, Veneto, Italy",1 version reference
129,Letter,20 July 1599,"Herwart von Hohenburg, Hans Georg, 1553-1622","Munich, Bavaria, Germany","Kepler, Johannes, 1571-1630","Graz, Styria, Austria",1 version reference
130,Letter,5 August 1599,"Pape, Johann, 1558-1622","Ansbach, Bavaria, Germany","Kepler, Johannes, 1571-1630","Graz, Styria, Austria",1 version reference
131,Letter,6 August 1599,"Kepler, Johannes, 1571-1630","Graz, Styria, Austria","Herwart von Hohenburg, Hans Georg, 1553-1622","Munich, Bavaria, Germany",1 version reference
132,Letter,19 August 1599,"Kepler, Johannes, 1571-1630","Graz, Styria, Austria","Mästlin, Michael, 1550-1631","Tübingen, Baden-Württemberg, Germany",1 version reference
133,Letter,29 August 1599,"Herwart von Hohenburg, Hans Georg, 1553-1622","Munich, Bavaria, Germany","Kepler, Johannes, 1571-1630","Graz, Styria, Austria",1 version reference
134,Letter,14 September 1599,"Kepler, Johannes, 1571-1630","Graz, Styria, Austria","Herwart von Hohenburg, Hans Georg, 1553-1622","Munich, Bavaria, Germany",1 version reference
135,Letter,17 September 1599,"Herwart von Hohenburg, Hans Georg, 1553-1622","Munich, Bavaria, Germany","Kepler, Johannes, 1571-1630","Graz, Styria, Austria",1 version reference
136,Letter,23 September 1599,"Zehentmair, Colmann, fl. 1593-1600","Hrastnik, Hrastnik, Slovenia","Kepler, Johannes, 1571-1630","Graz, Styria, Austria",1 version reference
137,Letter,13 October 1599,"Zehentmair, Colmann, fl. 1593-1600","Hrastnik, Hrastnik, Slovenia","Kepler, Johannes, 1571-1630","Graz, Styria, Austria",1 version reference
138,Letter,20 October 1599,"Zehentmair, Colmann, fl. 1593-1600","Hrastnik, Hrastnik, Slovenia","Kepler, Johannes, 1571-1630","Graz, Styria, Austria",1 version reference
139,Letter,21 October 1599,"Pape, Johann, 1558-1622","Ansbach, Bavaria, Germany","Kepler, Johannes, 1571-1630","Graz, Styria, Austria",1 version reference
140,Letter,12 November 1599,"Homelius, Johannes, d.1600","Marburg, Hesse, Germany","Kepler, Johannes, 1571-1630","Graz, Styria, Austria",1 version reference
141,Letter,12 November 1599,"Kepler, Johannes, 1571-1630","Graz, Styria, Austria","Mästlin, Michael, 1550-1631","Tübingen, Baden-Württemberg, Germany",1 version reference
142,Letter,20 November 1599,"Zehentmair, Colmann, fl. 1593-1600","Hrastnik, Hrastnik, Slovenia","Kepler, Johannes, 1571-1630","Graz, Styria, Austria",1 version reference
143,Letter,5 December 1599,"Zehentmair, Colmann, fl. 1593-1600","Hrastnik, Hrastnik, Slovenia","Kepler, Johannes, 1571-1630","Graz, Styria, Austria",1 version reference
144,Letter,9 December 1599,"Brahe, Tycho, 1546-1601","Benátky nad Jizerou, Central Bohemia, Czech Republic","Kepler, Johannes, 1571-1630","Graz, Styria, Austria",1 version reference
145,Letter,13 December 1599,"Hoffmann, Johannes Fridericus, fl. 1600","Strechau, Styria, Austria","Kepler, Johannes, 1571-1630","Graz, Styria, Austria",1 version reference
146,Letter,14 December 1599,"Herwart von Hohenburg, Hans Georg, 1553-1622","Munich, Bavaria, Germany","Kepler, Johannes, 1571-1630","Graz, Styria, Austria",1 version reference
147,Letter,14 December 1599,"Kepler, Johannes, 1571-1630","Graz, Styria, Austria","Herwart von Hohenburg, Hans Georg, 1553-1622","Munich, Bavaria, Germany",1 version reference
148,Letter,14 December 1599,"Brahe, Tycho, 1546-1601",Girsitz,"Blotius, Hugo, 1553-1608","Vienna, Wien, Austria",1 version reference
149,Letter,16 December 1599,"Meherentius, Rudolph, fl. 1599",Girsitz,"Kepler, Johannes, 1571-1630","Graz, Styria, Austria",1 version reference
150,Letter,December 1599,"Zehentmair, Colmann, fl. 1593-1600","Graz, Styria, Austria","Kepler, Johannes, 1571-1630","Graz, Styria, Austria",1 version reference
151,Letter,31 December 1599,"Homelius, Johannes, d.1600","Marburg, Hesse, Germany","Kepler, Johannes, 1571-1630","Graz, Styria, Austria",1 version reference
152,Letter,31 December 1599,"Dasypodius, Conrad, 1532-1601","Strasbourg, Grand Est, France","Kepler, Johannes, 1571-1630","Graz, Styria, Austria",1 version reference
153,Letter,15 January 1600,"Mästlin, Michael, 1550-1631","Tübingen, Baden-Württemberg, Germany","Kepler, Johannes, 1571-1630","Graz, Styria, Austria",1 version reference
154,Letter,26 January 1600,"Brahe, Tycho, 1546-1601","Benátky nad Jizerou, Central Bohemia, Czech Republic","Kepler, Johannes, 1571-1630","Graz, Styria, Austria",1 version reference
155,Letter,26 January 1600,"Brahe, Tycho, 1546-1601","Benátky nad Jizerou, Central Bohemia, Czech Republic","Hoffmann, Johannes Fridericus, fl. 1600","Prague, Czech Republic",1 version reference
156,Letter,3 February 1600,"Hoffmann, Johannes Fridericus, fl. 1600","Prague, Czech Republic","Brahe, Tycho, 1546-1601","Benátky nad Jizerou, Central Bohemia, Czech Republic",1 version reference
157,Letter,6 March 1600,"Brahe, Tycho, 1546-1601","Benátky nad Jizerou, Central Bohemia, Czech Republic","Hoffmann, Johannes Fridericus, fl. 1600","Prague, Czech Republic",1 version reference
158,Letter,18 March 1600,"Herwart von Hohenburg, Hans Georg, 1553-1622","Munich, Bavaria, Germany","Kepler, Johannes, 1571-1630","Graz, Styria, Austria",1 version reference
159,Letter,27 March 1600,"Tengnagel, Frans Gansneb, 1576-1622","Plzeň, Plzeňský, Czech Republic","Brahe, Tycho, 1546-1601","Benátky nad Jizerou, Central Bohemia, Czech Republic",1 version reference
160,Letter,6 April 1600,"Brahe, Tycho, 1546-1601","Benátky nad Jizerou, Central Bohemia, Czech Republic","Hoffmann, Johannes Fridericus, fl. 1600","Prague, Czech Republic",1 version reference
161,Letter,8 April 1600,"Brahe, Tycho, 1546-1601","Benátky nad Jizerou, Central Bohemia, Czech Republic","Jessen, Johannes, 1566-1621","Prague, Czech Republic",1 version reference
162,Letter,April 1600,"Kepler, Johannes, 1571-1630","Prague, Czech Republic","Brahe, Tycho, 1546-1601","Benátky nad Jizerou, Central Bohemia, Czech Republic",1 version reference
163,Letter,3 June 1600,"Brahe, Tycho, 1546-1601","Benátky nad Jizerou, Central Bohemia, Czech Republic","Rosencrantz, Oliger, 1574-1642",,1 version reference
164,Letter,20 June 1600,"Herwart von Hohenburg, Hans Georg, 1553-1622","Munich, Bavaria, Germany","Kepler, Johannes, 1571-1630","Graz, Styria, Austria",1 version reference
165,Letter,9 July 1600,"Zehentmair, Colmann, fl. 1593-1600","Hrastnik, Hrastnik, Slovenia","Kepler, Johannes, 1571-1630","Graz, Styria, Austria",1 version reference
166,Letter,12 July 1600,"Kepler, Johannes, 1571-1630","Graz, Styria, Austria","Herwart von Hohenburg, Hans Georg, 1553-1622","Munich, Bavaria, Germany",1 version reference
167,Letter,25 July 1600,"Herwart von Hohenburg, Hans Georg, 1553-1622","Munich, Bavaria, Germany","Kepler, Johannes, 1571-1630","Graz, Styria, Austria",1 version reference
168,Letter,July 1600,"Kepler, Johannes, 1571-1630","Graz, Styria, Austria","Ferdinand II, Holy Roman Emperor, 1578-1637",,1 version reference
169,Letter,3 August 1600,"Longomontanus, Christian Sørensen, 1562-1647","Prague, Czech Republic","Kepler, Johannes, 1571-1630","Graz, Styria, Austria",1 version reference
170,Letter,17 August 1600,"Zehentmair, Colmann, fl. 1593-1600","Graz, Styria, Austria","Kepler, Johannes, 1571-1630","Graz, Styria, Austria",1 version reference
171,Letter,19 August 1600,"Zehentmair, Colmann, fl. 1593-1600","Hrastnik, Hrastnik, Slovenia","Kepler, Johannes, 1571-1630","Graz, Styria, Austria",1 version reference
172,Letter,28 August 1600,"Brahe, Tycho, 1546-1601","Prague, Czech Republic","Kepler, Johannes, 1571-1630","Graz, Styria, Austria",1 version reference
173,Letter,28 August 1600,"Brahe, Tycho, 1546-1601","Prague, Czech Republic","Herwart von Hohenburg, Hans Georg, 1553-1622","Munich, Bavaria, Germany",1 version reference
174,Letter,9 September 1600,"Kepler, Johannes, 1571-1630","Graz, Styria, Austria","Mästlin, Michael, 1550-1631","Tübingen, Baden-Württemberg, Germany",1 version reference
175,Letter,11 September 1600,"Herwart von Hohenburg, Hans Georg, 1553-1622","Munich, Bavaria, Germany","Brahe, Tycho, 1546-1601","Prague, Czech Republic",1 version reference
176,Letter,9 October 1600,"Mästlin, Michael, 1550-1631","Tübingen, Baden-Württemberg, Germany","Kepler, Johannes, 1571-1630","Prague, Czech Republic",1 version reference
177,Letter,17 October 1600,"Kepler, Johannes, 1571-1630","Prague, Czech Republic","Brahe, Tycho, 1546-1601","Benátky nad Jizerou, Central Bohemia, Czech Republic",1 version reference
178,Letter,27 November 1600,"Herwart von Hohenburg, Hans Georg, 1553-1622","Munich, Bavaria, Germany","Brahe, Tycho, 1546-1601","Prague, Czech Republic",1 version reference
179,Letter,6 December 1600,"Kepler, Johannes, 1571-1630","Prague, Czech Republic","Mästlin, Michael, 1550-1631","Tübingen, Baden-Württemberg, Germany",1 version reference
180,Letter,1600,"Brahe, Tycho, 1546-1601","Benátky nad Jizerou, Central Bohemia, Czech Republic","Rindschat, Sigfried, d.1626 or before",,1 version reference
181,Letter,19 January 1601,"Leyser, Polycarp, 1586-1633","Dresden, Saxony, Germany","Kepler, Johannes, 1571-1630","Prague, Czech Republic",1 version reference
182,Letter,28 January 1601,"Jöstel, Melchior, 1559-1611","Wittenberg, Saxony-Anhalt, Germany","Kepler, Johannes, 1571-1630","Prague, Czech Republic",1 version reference
183,Letter,5 February 1601,"Kepler, Johannes, 1571-1630","Prague, Czech Republic","Blotius, Hugo, 1553-1608","Vienna, Wien, Austria",1 version reference
184,Letter,8 February 1601,"Kepler, Johannes, 1571-1630","Prague, Czech Republic","Mästlin, Michael, 1550-1631","Tübingen, Baden-Württemberg, Germany",1 version reference
185,Letter,28 March 1601,"Hafenreffer, Matthias, 1561-1619","Tübingen, Baden-Württemberg, Germany","Kepler, Johannes, 1571-1630","Prague, Czech Republic",1 version reference
186,Letter,8 April 1601,"Ziegler, Michael, 1563-1615","Tübingen, Baden-Württemberg, Germany","Bayer, Andreas, 1566-1635",,1 version reference
187,Letter,27 May 1601,"Eriksen, Johannes, fl. 1599-1601","Prague, Czech Republic","Kepler, Johannes, 1571-1630","Graz, Styria, Austria",1 version reference
188,Letter,30 May 1601,"Kepler, Johannes, 1571-1630","Graz, Styria, Austria","Kepler, Barbara, 1572-1611","Prague, Czech Republic",1 version reference
189,Letter,31 May 1601,"Kepler, Barbara, 1572-1611","Prague, Czech Republic","Kepler, Johannes, 1571-1630","Graz, Styria, Austria",1 version reference
190,Letter,May 1601,"Kepler, Johannes, 1571-1630","Graz, Styria, Austria","Maximilian II, Holy Roman Emperor, 1527-1576","Prague, Czech Republic",1 version reference
191,Letter,1 June 1601,"Kepler, Johannes, 1571-1630","Graz, Styria, Austria","Magini, Giovanni Antonio, 1555-1617","Bologna, Emilia-Romagna, Italy",1 version reference
192,Letter,13 June 1601,"Eriksen, Johannes, fl. 1599-1601","Prague, Czech Republic","Kepler, Johannes, 1571-1630","Graz, Styria, Austria",1 version reference
193,Letter,16 June 1601,"Kepler, Barbara, 1572-1611","Prague, Czech Republic","Kepler, Johannes, 1571-1630","Graz, Styria, Austria",1 version reference
194,Letter,23 June 1601,"Fabricius, David, 1564-1617","Prague, Czech Republic","Kepler, Johannes, 1571-1630","Graz, Styria, Austria",1 version reference
195,Letter,7 August 1601,"Kepler, Johannes, 1571-1630","Linz, Upper Austria, Austria","Blotius, Hugo, 1553-1608","Vienna, Wien, Austria",1 version reference
196,Letter,24 September 1601,"Eriksen, Johannes, fl. 1599-1601","Deventer, Overijssel, Netherlands","Kepler, Johannes, 1571-1630","Prague, Czech Republic",1 version reference
197,Letter,29 September 1601,"Eriksen, Johannes, fl. 1599-1601","Deventer, Overijssel, Netherlands","Kepler, Johannes, 1571-1630","Prague, Czech Republic",1 version reference
198,Letter,1 November 1601,"Rhodius, Ambrosius, 1577-1633","Wittenberg, Saxony-Anhalt, Germany","Kepler, Johannes, 1571-1630","Prague, Czech Republic",1 version reference
199,Letter,14 November 1601,"Hafenreffer, Matthias, 1561-1619","Tübingen, Baden-Württemberg, Germany","Kepler, Johannes, 1571-1630","Prague, Czech Republic",1 version reference
200,Letter,2 December 1601,"Herwart von Hohenburg, Hans Georg, 1553-1622","Munich, Bavaria, Germany","Kepler, Johannes, 1571-1630","Prague, Czech Republic",1 version reference
201,Letter,2 December 1601,"Herwart von Hohenburg, Hans Georg, 1553-1622","Munich, Bavaria, Germany","Kepler, Johannes, 1571-1630","Prague, Czech Republic",1 version reference
202,Letter,4 December 1601,"Rhodius, Ambrosius, 1577-1633","Wittenberg, Saxony-Anhalt, Germany","Kepler, Johannes, 1571-1630","Prague, Czech Republic",1 version reference
203,Letter,8 December 1601,"Herwart von Hohenburg, Hans Georg, 1553-1622","Munich, Bavaria, Germany","Kepler, Johannes, 1571-1630","Prague, Czech Republic",1 version reference
204,Letter,10 December 1601,"Kepler, Johannes, 1571-1630","Prague, Czech Republic","Mästlin, Michael, 1550-1631","Tübingen, Baden-Württemberg, Germany",1 version reference
205,Letter,30 December 1601,"Herwart von Hohenburg, Hans Georg, 1553-1622","Munich, Bavaria, Germany","Kepler, Johannes, 1571-1630","Prague, Czech Republic",1 version reference
206,Letter,January 1602,"Herwart von Hohenburg, Hans Georg, 1553-1622","Munich, Bavaria, Germany","Kepler, Johannes, 1571-1630","Prague, Czech Republic",1 version reference
207,Letter,15 February 1602,"Memhard, Johann, fl. 1602","Linz, Upper Austria, Austria","Kepler, Johannes, 1571-1630","Prague, Czech Republic",1 version reference
208,Letter,22 February 1602,"Rollenhagius, Georgius, 1542-1609","Magdeburg, Saxony-Anhalt, Germany","Kepler, Johannes, 1571-1630","Prague, Czech Republic",1 version reference
209,Letter,23 February 1602,"Herwart von Hohenburg, Hans Georg, 1553-1622","Munich, Bavaria, Germany","Barvitius, Johann Anton, 1555-1620","Prague, Czech Republic",1 version reference
210,Letter,24 February 1602,"Herwart von Hohenburg, Hans Georg, 1553-1622","Munich, Bavaria, Germany","Kepler, Johannes, 1571-1630","Prague, Czech Republic",1 version reference
211,Letter,3 March 1602,"Rhodius, Ambrosius, 1577-1633","Wittenberg, Saxony-Anhalt, Germany","Kepler, Johannes, 1571-1630","Prague, Czech Republic",1 version reference
212,Letter,13 March 1602,"Fabricius, David, 1564-1617","Resterhafe, Lower Saxony, Germany","Kepler, Johannes, 1571-1630","Prague, Czech Republic",1 version reference
213,Letter,23 April 1602,"Herwart von Hohenburg, Hans Georg, 1553-1622","Munich, Bavaria, Germany","Kepler, Johannes, 1571-1630","Prague, Czech Republic",1 version reference
214,Letter,28 April 1602,"Fabricius, David, 1564-1617","Resterhafe, Lower Saxony, Germany","Kepler, Johannes, 1571-1630","Prague, Czech Republic",1 version reference
215,Letter,28 April 1602,"Fabricius, David, 1564-1617","Resterhafe, Lower Saxony, Germany","Kepler, Johannes, 1571-1630","Prague, Czech Republic",1 version reference
216,Letter,5 May 1602,"Rhodius, Ambrosius, 1577-1633","Wittenberg, Saxony-Anhalt, Germany","Kepler, Johannes, 1571-1630","Prague, Czech Republic",1 version reference
217,Letter,11 June 1602,"Müller, Johannes, fl. 1596-1602","Berlin, Berlin, Germany","Kepler, Johannes, 1571-1630","Prague, Czech Republic",1 version reference
218,Letter,18 June 1602,"Rhodius, Ambrosius, 1577-1633","Wittenberg, Saxony-Anhalt, Germany","Kepler, Johannes, 1571-1630","Prague, Czech Republic",1 version reference
219,Letter,28 June 1602,"Herwart von Hohenburg, Hans Georg, 1553-1622","Munich, Bavaria, Germany","Kepler, Johannes, 1571-1630","Prague, Czech Republic",1 version reference
220,Letter,25 July 1602,"Origanus, David, 1558-1629","Frankfurt (Oder), Brandenburg, Germany","Kepler, Johannes, 1571-1630","Prague, Czech Republic",1 version reference
221,Letter,26 July 1602,"Rhodius, Ambrosius, 1577-1633","Wittenberg, Saxony-Anhalt, Germany","Kepler, Johannes, 1571-1630","Prague, Czech Republic",1 version reference
222,Letter,31 July 1602,"Herwart von Hohenburg, Hans Georg, 1553-1622","Munich, Bavaria, Germany","Memhard, Johann, fl. 1602","Prague, Czech Republic",1 version reference
223,Letter,31 July 1602,"Herwart von Hohenburg, Hans Georg, 1553-1622","Munich, Bavaria, Germany","Kepler, Johannes, 1571-1630","Prague, Czech Republic",1 version reference
224,Letter,1 August 1602,"Fabricius, David, 1564-1617","Resterhafe, Lower Saxony, Germany","Kepler, Johannes, 1571-1630","Prague, Czech Republic",1 version reference
225,Letter,15 August 1602,"Bruce, Edmund, fl. 1597-1605","Florence, Tuscany, Italy","Kepler, Johannes, 1571-1630","Prague, Czech Republic",1 version reference
226,Letter,22 August 1602,"Pape, Johann, 1558-1622","Ansbach, Bavaria, Germany","Kepler, Johannes, 1571-1630","Prague, Czech Republic",1 version reference
227,Letter,24 September 1602,"Herwart von Hohenburg, Hans Georg, 1553-1622","Munich, Bavaria, Germany","Kepler, Johannes, 1571-1630","Prague, Czech Republic",1 version reference
228,Letter,24 September 1602,"Fabricius, David, 1564-1617","Resterhafe, Lower Saxony, Germany","Kepler, Johannes, 1571-1630","Prague, Czech Republic",1 version reference
229,Letter,28 September 1602,"Fabricius, David, 1564-1617","Aurich, Lower Saxony, Germany","Kepler, Johannes, 1571-1630","Prague, Czech Republic",1 version reference
230,Letter,1 October 1602,"Kepler, Johannes, 1571-1630","Prague, Czech Republic","Fabricius, David, 1564-1617","Resterhafe, Lower Saxony, Germany",1 version reference
231,Letter,7 October 1602,"Kepler, Johannes, 1571-1630","Prague, Czech Republic","Herwart von Hohenburg, Hans Georg, 1553-1622","Munich, Bavaria, Germany",1 version reference
232,Letter,17 October 1602,"Müller, Johannes, fl. 1596-1602",,"Kepler, Johannes, 1571-1630","Prague, Czech Republic",1 version reference
233,Letter,20 October 1602,"Herwart von Hohenburg, Hans Georg, 1553-1622","Munich, Bavaria, Germany","Kepler, Johannes, 1571-1630","Prague, Czech Republic",1 version reference
234,Letter,4 November 1602,"Fabricius, David, 1564-1617","Esens, Lower Saxony, Germany","Kepler, Johannes, 1571-1630","Prague, Czech Republic",1 version reference
235,Letter,8 November 1602,"Fabricius, David, 1564-1617","Esens, Lower Saxony, Germany","Kepler, Johannes, 1571-1630","Prague, Czech Republic",1 version reference
236,Letter,12 November 1602,"Kepler, Johannes, 1571-1630","Prague, Czech Republic","Herwart von Hohenburg, Hans Georg, 1553-1622","Munich, Bavaria, Germany",1 version reference
237,Letter,20 November 1602,"Rhodius, Ambrosius, 1577-1633","Wittenberg, Saxony-Anhalt, Germany","Kepler, Johannes, 1571-1630","Prague, Czech Republic",1 version reference
238,Letter,21 November 1602,"Herwart von Hohenburg, Hans Georg, 1553-1622","Munich, Bavaria, Germany","Kepler, Johannes, 1571-1630","Prague, Czech Republic",1 version reference
239,Letter,November 1602,"Herwart von Hohenburg, Hans Georg, 1553-1622","Munich, Bavaria, Germany","Kepler, Johannes, 1571-1630","Prague, Czech Republic",1 version reference
240,Letter,30 November 1602,"Pape, Johann, 1558-1622","Ansbach, Bavaria, Germany","Kepler, Johannes, 1571-1630","Prague, Czech Republic",1 version reference
241,Letter,2 December 1602,"Kepler, Johannes, 1571-1630","Prague, Czech Republic","Fabricius, David, 1564-1617","Esens, Lower Saxony, Germany",1 version reference
242,Letter,8 December 1602,"Fabricius, David, 1564-1617","Esens, Lower Saxony, Germany","Kepler, Johannes, 1571-1630","Prague, Czech Republic",1 version reference
243,Letter,1602,"Kepler, Johannes, 1571-1630",,"Herwart von Hohenburg, Hans Georg, 1553-1622",,1 version reference
244,Letter,31 December 1602,"Herwart von Hohenburg, Hans Georg, 1553-1622","Munich, Bavaria, Germany","Kepler, Johannes, 1571-1630","Prague, Czech Republic",1 version reference
245,Letter,12 January 1603,"Kepler, Johannes, 1571-1630","Prague, Czech Republic","Herwart von Hohenburg, Hans Georg, 1553-1622","Munich, Bavaria, Germany",1 version reference
246,Letter,15 January 1603,"Riddershusius, Ludolph, fl. 1594-1603","Bremen, Bremen, Germany","Schulten, Otto, d.1624","Prague, Czech Republic",1 version reference
247,Letter,28 January 1603,"Budovec z Budova, Václav, 1547-1621","Uherské Hradiště, Zlín, Czech Republic","Kepler, Johannes, 1571-1630","Prague, Czech Republic",1 version reference
248,Letter,30 January 1603,"Fabricius, David, 1564-1617","Esens, Lower Saxony, Germany","Kepler, Johannes, 1571-1630","Prague, Czech Republic",1 version reference
249,Letter,January 1603,"Kepler, Johannes, 1571-1630","Prague, Czech Republic",Unknown,,1 version reference
250,Letter,5 February 1603,"Gerhard, Johann Konrad, b.1567","Stuttgart, Baden-Württemberg, (Swabian Imperial Circle) Germany, (Holy Roman Empire)","Kepler, Johannes, 1571-1630","Prague, Czech Republic",1 version reference
251,Letter,7 February 1603,"Fabricius, David, 1564-1617","Esens, Lower Saxony, Germany","Kepler, Johannes, 1571-1630","Prague, Czech Republic",1 version reference
252,Letter,12 February 1603,"Fabricius, David, 1564-1617","Esens, Lower Saxony, Germany","Kepler, Johannes, 1571-1630","Prague, Czech Republic",1 version reference
253,Letter,18 February 1603,"Herwart von Hohenburg, Hans Georg, 1553-1622","Munich, Bavaria, Germany","Kepler, Johannes, 1571-1630","Prague, Czech Republic",1 version reference
254,Letter,24 February 1603,"Herwart von Hohenburg, Hans Georg, 1553-1622","Munich, Bavaria, Germany","Kepler, Johannes, 1571-1630","Prague, Czech Republic",1 version reference
255,Letter,14 March 1603,"Fabricius, David, 1564-1617","Esens, Lower Saxony, Germany","Kepler, Johannes, 1571-1630","Prague, Czech Republic",1 version reference
256,Letter,20 March 1603,"Pape, Johann, 1558-1622","Ansbach, Bavaria, Germany","Kepler, Johannes, 1571-1630","Prague, Czech Republic",1 version reference
257,Letter,2 April 1603,"Herwart von Hohenburg, Hans Georg, 1553-1622","Munich, Bavaria, Germany","Kepler, Johannes, 1571-1630","Prague, Czech Republic",1 version reference
258,Letter,22 April 1603,"Kepler, Johannes, 1571-1630","Prague, Czech Republic","Herwart von Hohenburg, Hans Georg, 1553-1622","Munich, Bavaria, Germany",1 version reference
259,Letter,7 May 1603,"Fabricius, David, 1564-1617","Esens, Lower Saxony, Germany","Kepler, Johannes, 1571-1630","Prague, Czech Republic",1 version reference
260,Letter,May 1603,"Kepler, Johannes, 1571-1630","Prague, Czech Republic","Herwart von Hohenburg, Hans Georg, 1553-1622","Munich, Bavaria, Germany",1 version reference
261,Letter,6 June 1603,"Herwart von Hohenburg, Hans Georg, 1553-1622","Munich, Bavaria, Germany","Kepler, Johannes, 1571-1630","Prague, Czech Republic",1 version reference
262,Letter,17 June 1603,"Herwart von Hohenburg, Hans Georg, 1553-1622","Munich, Bavaria, Germany","Kepler, Johannes, 1571-1630","Prague, Czech Republic",1 version reference
263,Letter,18 June 1603,"Fabricius, David, 1564-1617","Esens, Lower Saxony, Germany","Kepler, Johannes, 1571-1630","Prague, Czech Republic",1 version reference
264,Letter,24 June 1603,"Fabricius, David, 1564-1617","Esens, Lower Saxony, Germany","Kepler, Johannes, 1571-1630","Prague, Czech Republic",1 version reference
265,Letter,4 July 1603,"Kepler, Johannes, 1571-1630","Prague, Czech Republic","Fabricius, David, 1564-1617","Esens, Lower Saxony, Germany",1 version reference
266,Letter,5 July 1603,"Kepler, Johannes, 1571-1630","Prague, Czech Republic","Herwart von Hohenburg, Hans Georg, 1553-1622","Munich, Bavaria, Germany",1 version reference
267,Letter,11 August 1603,"Fabricius, David, 1564-1617","Esens, Lower Saxony, Germany","Kepler, Johannes, 1571-1630","Prague, Czech Republic",1 version reference
268,Letter,12 August 1603,"Rhodius, Ambrosius, 1577-1633","Wittenberg, Saxony-Anhalt, Germany","Kepler, Johannes, 1571-1630","Prague, Czech Republic",1 version reference
269,Letter,13 August 1603,"Virdung, Paul, fl. 1603-1605","Brtnice, Vysočina, Czech Republic","Kepler, Johannes, 1571-1630","Prague, Czech Republic",1 version reference
270,Letter,21 August 1603,"Bruce, Edmund, fl. 1597-1605","Padua, Veneto, Italy","Kepler, Johannes, 1571-1630","Prague, Czech Republic",1 version reference
271,Letter,4 September 1603,"Kepler, Johannes, 1571-1630","Prague, Czech Republic","Bruce, Edmund, fl. 1597-1605","Padua, Veneto, Italy",1 version reference
272,Letter,30 September 1603,"Dietrichstein, Ludwig von, 1533-1615","Schloss Rabenstein, Styria, Austria","Kepler, Johannes, 1571-1630","Prague, Czech Republic",1 version reference
273,Letter,September 1603,"Kepler, Johannes, 1571-1630","Prague, Czech Republic","Herwart von Hohenburg, Hans Georg, 1553-1622","Munich, Bavaria, Germany",1 version reference
274,Letter,31 October 1603,"Dietrichstein, Ludwig von, 1533-1615","Graz, Styria, Austria","Kepler, Johannes, 1571-1630","Prague, Czech Republic",1 version reference
275,Letter,5 November 1603,"Bruce, Edmund, fl. 1597-1605","Venice, Veneto, Italy","Kepler, Johannes, 1571-1630","Prague, Czech Republic",1 version reference
276,Letter,13 November 1603,"Herwart von Hohenburg, Hans Georg, 1553-1622","Munich, Bavaria, Germany","Kepler, Johannes, 1571-1630","Prague, Czech Republic",1 version reference
277,Letter,22 December 1603,"Fabricius, David, 1564-1617","Esens, Lower Saxony, Germany","Kepler, Johannes, 1571-1630","Prague, Czech Republic",1 version reference
278,Letter,26 December 1603,"Fabricius, David, 1564-1617","Esens, Lower Saxony, Germany","Kepler, Johannes, 1571-1630","Prague, Czech Republic",1 version reference
279,Letter,29 December 1603,"Gerhard, Johann Konrad, b.1567","Donauwörth, Bavaria, Germany","Kepler, Johannes, 1571-1630","Prague, Czech Republic",1 version reference
280,Letter,3 January 1604,"Dietrichstein, Ludwig von, 1533-1615","Graz, Styria, Austria","Kepler, Johannes, 1571-1630","Prague, Czech Republic",1 version reference
281,Letter,10 January 1604,"Kepler, Johannes, 1571-1630","Prague, Czech Republic","Mästlin, Michael, 1550-1631","Tübingen, Baden-Württemberg, Germany",1 version reference
282,Letter,21 January 1604,"Herwart von Hohenburg, Hans Georg, 1553-1622","Munich, Bavaria, Germany","Kepler, Johannes, 1571-1630","Prague, Czech Republic",1 version reference
283,Letter,23 January 1604,"Dietrichstein, Ludwig von, 1533-1615","Graz, Styria, Austria","Kepler, Johannes, 1571-1630","Prague, Czech Republic",1 version reference
284,Letter,6 February 1604,"Pape, Johann, 1558-1622","Kaliningrad [Königsberg], Kaliningrad Oblast, Russia [Prussia]","Kepler, Johannes, 1571-1630","Prague, Czech Republic",1 version reference
285,Letter,7 February 1604,"Kepler, Johannes, 1571-1630","Prague, Czech Republic","Blaeu, Willem Janszoon, 1571-1638","Amsterdam, North Holland, (United Provinces) Netherlands",1 version reference
286,Letter,14 February 1604,"Virdung, Paul, fl. 1603-1605","Horn, (West Frisia) Limburg, Netherlands","Kepler, Johannes, 1571-1630","Prague, Czech Republic",1 version reference
287,Letter,February 1604,"Kepler, Johannes, 1571-1630","Prague, Czech Republic","Fabricius, David, 1564-1617","Esens, Lower Saxony, Germany",1 version reference
288,Letter,11 April 1604,"Christmann, Jacob, 1554-1613","Heidelberg, Baden-Württemberg, Germany","Kepler, Johannes, 1571-1630","Prague, Czech Republic",1 version reference
289,Letter,13 April 1604,"Herwart von Hohenburg, Hans Georg, 1553-1622","Munich, Bavaria, Germany","Kepler, Johannes, 1571-1630","Prague, Czech Republic",1 version reference
290,Letter,6 May 1604,"Longomontanus, Christian Sørensen, 1562-1647","Rostock, Mecklenburg-Vorpommern, Germany","Kepler, Johannes, 1571-1630","Prague, Czech Republic",1 version reference
291,Letter,28 May 1604,"Rhodius, Ambrosius, 1577-1633","Wittenberg, Saxony-Anhalt, Germany","Kepler, Johannes, 1571-1630","Prague, Czech Republic",1 version reference
292,Letter,29 May 1604,"Marne, Claude, d.1610","Frankfurt am Main, Hesse, Germany","Kepler, Johannes, 1571-1630","Prague, Czech Republic",1 version reference
293,Letter,4 July 1604,"Riddershusius, Ludolph, fl. 1594-1603","Bremen, Bremen, Germany","Kepler, Johannes, 1571-1630","Prague, Czech Republic",1 version reference
294,Letter,8 July 1604,"Dietrichstein, Ludwig von, 1533-1615","Schloss Rabenstein, Styria, Austria","Kepler, Johannes, 1571-1630","Prague, Czech Republic",1 version reference
295,Letter,10 July 1604,"Dietrichstein, Ludwig von, 1533-1615","Schloss Rabenstein, Styria, Austria","Kepler, Johannes, 1571-1630","Prague, Czech Republic",1 version reference
296,Letter,16 July 1604,"Rhodius, Ambrosius, 1577-1633","Wittenberg, Saxony-Anhalt, Germany","Kepler, Johannes, 1571-1630","Prague, Czech Republic",1 version reference
297,Letter,2 October 1604,"Hagenloch, Anselm, fl. 1604","Regensburg, Bavaria, Germany","Kepler, Johannes, 1571-1630","Prague, Czech Republic",1 version reference
298,Letter,20 October 1604,"Dietrichstein, Ludwig von, 1533-1615","Vienna, Wien, Austria","Kepler, Johannes, 1571-1630","Prague, Czech Republic",1 version reference
299,Letter,27 October 1604,"Fabricius, David, 1564-1617","Osteel, Lower Saxony, Germany","Kepler, Johannes, 1571-1630","Prague, Czech Republic",1 version reference
300,Letter,8 November 1604,"Bachacius, Martinus, 1539-1612","Prague, Czech Republic","Funck von Olivet, Georg, fl. 1598-1604",,1 version reference
301,Letter,9 November 1604,"Herwart von Hohenburg, Hans Georg, 1553-1622","Munich, Bavaria, Germany","Kepler, Johannes, 1571-1630","Prague, Czech Republic",1 version reference
302,Letter,14 November 1604,"Gerhard, Johann Konrad, b.1567","Donauwörth, Bavaria, Germany","Kepler, Johannes, 1571-1630","Prague, Czech Republic",1 version reference
303,Letter,15 November 1604,"Kepler, Johannes, 1571-1630","Prague, Czech Republic","Maximilian Ernest of Austria, 1583-1616","Innsbruck, Tyrol, Austria, (Holy Roman Empire)",1 version reference
304,Letter,10 December 1604,"Kepler, Johannes, 1571-1630","Prague, Czech Republic","Herwart von Hohenburg, Hans Georg, 1553-1622","Munich, Bavaria, Germany",1 version reference
305,Letter,10 December 1604,"Dietrichstein, Ludwig von, 1533-1615","Möllbrücke, Carinthia, Austria","Kepler, Johannes, 1571-1630","Prague, Czech Republic",1 version reference
306,Letter,12 December 1604,"Kepler, Johannes, 1571-1630","Prague, Czech Republic","Tübingen University, formed 1477","Tübingen, Baden-Württemberg, Germany",1 version reference
307,Letter,12 December 1604,"Jöstel, Melchior, 1559-1611","Dresden, Saxony, Germany","Kepler, Johannes, 1571-1630","Prague, Czech Republic",1 version reference
308,Letter,14 December 1604,"Kepler, Johannes, 1571-1630","Prague, Czech Republic","Mästlin, Michael, 1550-1631","Tübingen, Baden-Württemberg, Germany",1 version reference
309,Letter,15 December 1604,"Kepler, Johannes, 1571-1630","Prague, Czech Republic",Unknown male,,1 version reference
310,Letter,18 December 1604,"Kepler, Johannes, 1571-1630","Prague, Czech Republic","Fabricius, David, 1564-1617","Osteel, Lower Saxony, Germany",1 version reference
311,Letter,23 December 1604,"Brengger, Johann Georg, 1559-1637 or after","Kaufbeuren, Bavaria, Germany","Kepler, Johannes, 1571-1630","Prague, Czech Republic",1 version reference
312,Letter,23 December 1604,"Pfalz-Neuberg, Wolfgang Wilhelm von, 1578-1653","Neuburg an der Donau, Bavaria, Germany","Kepler, Johannes, 1571-1630","Prague, Czech Republic",1 version reference
313,Letter,1604,"Tengnagel, Frans Gansneb, 1576-1622","Prague, Czech Republic","Kepler, Johannes, 1571-1630","Prague, Czech Republic",1 version reference
314,Letter,December 1604,"Kepler, Johannes, 1571-1630","Prague, Czech Republic","Pfalz-Neuberg, Wolfgang Wilhelm von, 1578-1653","Neuburg an der Donau, Bavaria, Germany",1 version reference
315,Letter,1604,"Kepler, Johannes, 1571-1630","Prague, Czech Republic","Maximilian I, Elector of Bavaria, 1573-1651",,1 version reference
316,Letter,1604,"Kepler, Johannes, 1571-1630","Prague, Czech Republic","Rudolf II, 1552-1612","Prague, Czech Republic",1 version reference
317,Letter,1604,"Kepler, Johannes, 1571-1630","Prague, Czech Republic","Württemberg, Johann Friedrich von, 1582-1628",,1 version reference
318,Letter,December 1604,"Fabricius, David, 1564-1617",,"Kepler, Johannes, 1571-1630","Prague, Czech Republic",1 version reference
319,Letter,1604,"Kepler, Johannes, 1571-1630","Prague, Czech Republic",Unknown,,1 version reference
320,Letter,3 January 1605,"Fabricius, David, 1564-1617","Esens, Lower Saxony, Germany","Kepler, Johannes, 1571-1630","Prague, Czech Republic",1 version reference
321,Letter,14 January 1605,"Fabricius, David, 1564-1617","Osteel, Lower Saxony, Germany","Kepler, Johannes, 1571-1630","Prague, Czech Republic",1 version reference
322,Letter,17 January 1605,"Kepler, Johannes, 1571-1630","Prague, Czech Republic","Brengger, Johann Georg, 1559-1637 or after","Kaufbeuren, Bavaria, Germany",1 version reference
323,Letter,22 January 1605,"Herwart von Hohenburg, Hans Georg, 1553-1622","Munich, Bavaria, Germany","Kepler, Johannes, 1571-1630","Prague, Czech Republic",1 version reference
324,Letter,26 January 1605,"Hafenreffer, Matthias, 1561-1619","Tübingen, Baden-Württemberg, Germany","Kepler, Johannes, 1571-1630","Prague, Czech Republic",1 version reference
325,Letter,26 January 1605,"Tübingen University, formed 1477","Tübingen, Baden-Württemberg, Germany","Kepler, Johannes, 1571-1630","Prague, Czech Republic",1 version reference
326,Letter,27 January 1605,"Besold, Christoph, 1577-1638","Tübingen, Baden-Württemberg, Germany","Kepler, Johannes, 1571-1630","Prague, Czech Republic",1 version reference
327,Letter,28 January 1605,"Mästlin, Michael, 1550-1631","Tübingen, Baden-Württemberg, Germany","Kepler, Johannes, 1571-1630","Prague, Czech Republic",1 version reference
328,Letter,4 February 1605,"Heydon, Christopher (Sir), 1561-1623","London, England, United Kingdom","Kepler, Johannes, 1571-1630","Prague, Czech Republic",1 version reference
329,Letter,6 February 1605,"Fabricius, David, 1564-1617","Osteel, Lower Saxony, Germany","Kepler, Johannes, 1571-1630","Prague, Czech Republic",1 version reference
330,Letter,10 February 1605,"Kepler, Johannes, 1571-1630","Tübingen, Baden-Württemberg, Germany","Herwart von Hohenburg, Hans Georg, 1553-1622","Munich, Bavaria, Germany",1 version reference
331,Letter,10 February 1605,"Fabricius, David, 1564-1617","Osteel, Lower Saxony, Germany","Kepler, Johannes, 1571-1630","Prague, Czech Republic",1 version reference
332,Letter,13 February 1605,"Kepler, Johannes, 1571-1630","Tübingen, Baden-Württemberg, Germany","Szenci Molnár, Albert, 1574-1634","Altdorf, Bavaria, Germany",1 version reference
333,Letter,17 February 1605,"Dietrichstein, Ludwig von, 1533-1615","Graz, Styria, Austria","Kepler, Johannes, 1571-1630","Prague, Czech Republic",1 version reference
334,Letter,20 February 1605,"Kepler, Johannes, 1571-1630","Prague, Czech Republic","Scultetus, Bartholomäus, 1540-1614","Görlitz, Saxony, Germany",1 version reference
335,Letter,21 February 1605,"Kepler, Johannes, 1571-1630","Prague, Czech Republic","Pfalz-Neuberg, Wolfgang Wilhelm von, 1578-1653",,1 version reference
336,Letter,26 February 1605,"Cristini, Bartolomeo, b.1547","Turin, Piedmont, Italy","Magini, Giovanni Antonio, 1555-1617","Bologna, Emilia-Romagna, Italy",1 version reference
337,Letter,2 March 1605,"Bachacius, Martinus, 1539-1612","Prague, Czech Republic","Hofman, Anton von Saaz, fl. 1605",,1 version reference
338,Letter,5 March 1605,"Kepler, Johannes, 1571-1630","Prague, Czech Republic","Mästlin, Michael, 1550-1631","Tübingen, Baden-Württemberg, Germany",1 version reference
339,Letter,7 March 1605,"Pfalz-Neuberg, Wolfgang Wilhelm von, 1578-1653","Neuburg an der Donau, Bavaria, Germany","Kepler, Johannes, 1571-1630","Prague, Czech Republic",1 version reference
340,Letter,8 March 1605,"Herwart von Hohenburg, Hans Georg, 1553-1622","Munich, Bavaria, Germany","Kepler, Johannes, 1571-1630","Prague, Czech Republic",1 version reference
341,Letter,21 March 1605,"Herwart von Hohenburg, Hans Georg, 1553-1622","Munich, Bavaria, Germany","Kepler, Johannes, 1571-1630","Prague, Czech Republic",1 version reference
342,Letter,28 March 1605,"Herwart von Hohenburg, Hans Georg, 1553-1622","Munich, Bavaria, Germany","Kepler, Johannes, 1571-1630","Prague, Czech Republic",1 version reference
343,Letter,28 March 1605,"Kepler, Johannes, 1571-1630","Prague, Czech Republic","Herwart von Hohenburg, Hans Georg, 1553-1622","Munich, Bavaria, Germany",1 version reference
344,Letter,2 April 1605,"Fabricius, David, 1564-1617","Osteel, Lower Saxony, Germany","Kepler, Johannes, 1571-1630","Prague, Czech Republic",1 version reference
345,Letter,7 April 1605,"Budovec z Budova, Václav, 1547-1621","Mnichovo Hradiště, Central Bohemia, Czech Republic","Kepler, Johannes, 1571-1630","Prague, Czech Republic",1 version reference
346,Letter,12 April 1605,"Herwart von Hohenburg, Hans Georg, 1553-1622","Munich, Bavaria, Germany","Kepler, Johannes, 1571-1630","Prague, Czech Republic",1 version reference
347,Letter,22 April 1605,"Jöstel, Melchior, 1559-1611","Dresden, Saxony, Germany","Kepler, Johannes, 1571-1630","Prague, Czech Republic",1 version reference
348,Letter,27 April 1605,"Kepler, Johannes, 1571-1630","Prague, Czech Republic","Herwart von Hohenburg, Hans Georg, 1553-1622","Munich, Bavaria, Germany",1 version reference
349,Letter,4 May 1605,"Rhodius, Ambrosius, 1577-1633","Wittenberg, Saxony-Anhalt, Germany","Kepler, Johannes, 1571-1630","Prague, Czech Republic",1 version reference
350,Letter,23 June 1605,"Serarius, Nicolaus, 1555-1609","Mainz, Rhineland-Palatinate, Germany","Kepler, Johannes, 1571-1630","Prague, Czech Republic",1 version reference
351,Letter,May 1605 - June 1605,"Kepler, Johannes, 1571-1630","Prague, Czech Republic","Scaliger, Joseph Justus, 1540-1609","Leiden, South Holland, Netherlands",1 version reference
352,Letter,27 July 1605,"Odontius, Johann Caspar, 1580-1626","Prague, Czech Republic","Kepler, Johannes, 1571-1630","Styria, Austria",1 version reference
353,Letter,5 August 1605,"Kepler, Johannes, 1571-1630","Graz, Styria, Austria","Odontius, Johann Caspar, 1580-1626","Prague, Czech Republic",1 version reference
354,Letter,6 August 1605,"Herwart von Hohenburg, Hans Georg, 1553-1622","Munich, Bavaria, Germany","Kepler, Johannes, 1571-1630","Prague, Czech Republic",1 version reference
355,Letter,8 August 1605,"Origanus, David, 1558-1629","Frankfurt (Oder), Brandenburg, Germany","Kepler, Johannes, 1571-1630","Prague, Czech Republic",1 version reference
356,Letter,3 September 1605,"Rhodius, Ambrosius, 1577-1633","Wittenberg, Saxony-Anhalt, Germany","Kepler, Johannes, 1571-1630","Prague, Czech Republic",1 version reference
357,Letter,23 September 1605,"Fabricius, David, 1564-1617","Osteel, Lower Saxony, Germany","Kepler, Johannes, 1571-1630","Prague, Czech Republic",1 version reference
358,Letter,11 October 1605,"Kepler, Johannes, 1571-1630","Prague, Czech Republic","Fabricius, David, 1564-1617","Osteel, Lower Saxony, Germany",1 version reference
359,Letter,24 October 1605,"Virdung, Paul, fl. 1603-1605","Prague, Czech Republic","Kepler, Johannes, 1571-1630","Prague, Czech Republic",1 version reference
360,Letter,October 1605,"Kepler, Johannes, 1571-1630","Prague, Czech Republic","Scaliger, Joseph Justus, 1540-1609","Leiden, South Holland, Netherlands",1 version reference
361,Letter,October 1605,"Kepler, Johannes, 1571-1630","Prague, Czech Republic","Heydon, Christopher (Sir), 1561-1623","London, England, United Kingdom",1 version reference
362,Letter,21 November 1605,"Herwart von Hohenburg, Hans Georg, 1553-1622","Munich, Bavaria, Germany","Kepler, Johannes, 1571-1630","Prague, Czech Republic",1 version reference
363,Letter,1 December 1605,"Herwart von Hohenburg, Hans Georg, 1553-1622","Munich, Bavaria, Germany","Kepler, Johannes, 1571-1630","Prague, Czech Republic",1 version reference
364,Letter,10 December 1605,"Fabricius, David, 1564-1617","Osteel, Lower Saxony, Germany","Kepler, Johannes, 1571-1630","Prague, Czech Republic",1 version reference
365,Letter,11 December 1605,"Vicke, Nikolaus, fl. 1605","Leipzig, Saxony, Germany","Kepler, Johannes, 1571-1630","Prague, Czech Republic",1 version reference
366,Letter,29 December 1605,"Schele, Eberartus, fl. 1601-1605","Osteel, Lower Saxony, Germany","Kepler, Johannes, 1571-1630","Prague, Czech Republic",1 version reference
367,Letter,1605,"Kepler, Johannes, 1571-1630","Prague, Czech Republic","Longomontanus, Christian Sørensen, 1562-1647",,1 version reference
368,Letter,1605,"Bachacius, Martinus, 1539-1612","Prague, Czech Republic","von Mies, Matthias, fl. 1605","Přelouč, Pardubický, Czech Republic",1 version reference
369,Letter,1 January 1606,"Martinius, Aegidius, fl. 1603","Antwerp, Flanders, Belgium","Kepler, Johannes, 1571-1630","Prague, Czech Republic",1 version reference
370,Letter,7 January 1606,"Serarius, Nicolaus, 1555-1609","Mainz, Rhineland-Palatinate, Germany","Kepler, Johannes, 1571-1630","Prague, Czech Republic",1 version reference
371,Letter,11 January 1606,"Fabricius, David, 1564-1617","Osteel, Lower Saxony, Germany","Kepler, Johannes, 1571-1630","Prague, Czech Republic",1 version reference
372,Letter,12 January 1606,"Ziegler, Johannes Reinhard, 1569-1636","Mainz, Rhineland-Palatinate, Germany","Kepler, Johannes, 1571-1630","Prague, Czech Republic",1 version reference
373,Letter,13 January 1606,"Kepler, Johannes, 1571-1630","Prague, Czech Republic","Herwart von Hohenburg, Hans Georg, 1553-1622","Munich, Bavaria, Germany",1 version reference
374,Letter,16 January 1606,"Krzistanowicz, Stanisław, fl. 1605","Mainz, Rhineland-Palatinate, Germany","Kepler, Johannes, 1571-1630","Prague, Czech Republic",1 version reference
375,Letter,18 January 1606,"Hafenreffer, Samuel, 1587-1660","Graz, Styria, Austria","Kepler, Johannes, 1571-1630","Prague, Czech Republic",1 version reference
376,Letter,2 February 1606,"Kepler, Johannes, 1571-1630","Prague, Czech Republic","Nautonier, Guillaume de, 1557-1620",France,1 version reference
377,Letter,14 February 1606,"Kepler, Johannes, 1571-1630","Prague, Czech Republic","Ziegler, Johannes Reinhard, 1569-1636","Mainz, Rhineland-Palatinate, Germany",1 version reference
378,Letter,26 February 1606,"Pape, Johann, 1558-1622","Kaliningrad [Königsberg], Kaliningrad Oblast, Russia [Prussia]","Kepler, Johannes, 1571-1630","Prague, Czech Republic",1 version reference
379,Letter,30 March 1606,"Besold, Christoph, 1577-1638","Tübingen, Baden-Württemberg, Germany","Kepler, Johannes, 1571-1630","Prague, Czech Republic",1 version reference
380,Letter,February 1606 - March 1606,"Kepler, Johannes, 1571-1630","Prague, Czech Republic","Rudolf II, 1552-1612","Prague, Czech Republic",1 version reference
381,Letter,31 March 1606,"Kepler, Johannes, 1571-1630","Prague, Czech Republic","Mästlin, Michael, 1550-1631","Tübingen, Baden-Württemberg, Germany",1 version reference
382,Letter,1 April 1606,"Heck, Johannes, 1579-1616 or after","Rome, Latium, Italy","Kepler, Johannes, 1571-1630","Prague, Czech Republic",1 version reference
383,Letter,10 April 1606,"Jöstel, Melchior, 1559-1611","Wittenberg, Saxony-Anhalt, Germany","Kepler, Johannes, 1571-1630","Prague, Czech Republic",1 version reference
384,Letter,28 April 1606,"Bachacius, Martinus, 1539-1612","Prague, Czech Republic","Vlaveryn, Wenzel, fl. 1606","Prague, Czech Republic",1 version reference
385,Letter,16 May 1606,"Herwart von Hohenburg, Hans Georg, 1553-1622","Munich, Bavaria, Germany","Kepler, Johannes, 1571-1630","Prague, Czech Republic",1 version reference
386,Letter,5 June 1606,"Kepler, Johannes, 1571-1630","Prague, Czech Republic","Herwart von Hohenburg, Hans Georg, 1553-1622","Munich, Bavaria, Germany",1 version reference
387,Letter,10 June 1606,"Kepler, Johannes, 1571-1630","Prague, Czech Republic","Mästlin, Michael, 1550-1631","Tübingen, Baden-Württemberg, Germany",1 version reference
388,Letter,22 June 1606,"Dietrichstein, Ludwig von, 1533-1615","Graz, Styria, Austria","Kepler, Johannes, 1571-1630","Prague, Czech Republic",1 version reference
389,Letter,28 June 1606,"Rhodius, Ambrosius, 1577-1633","Wittenberg, Saxony-Anhalt, Germany","Kepler, Johannes, 1571-1630","Prague, Czech Republic",1 version reference
390,Letter,7 July 1606,Unknown,,"Albert (Herr), fl. 1606","Prague, Czech Republic",1 version reference
391,Letter,12 July 1606,"Casal, Peter, fl. 1606","Graz, Styria, Austria","Kepler, Johannes, 1571-1630","Prague, Czech Republic",1 version reference
392,Letter,1 August 1606,"Ziegler, Johannes Reinhard, 1569-1636","Mainz, Rhineland-Palatinate, Germany","Kepler, Johannes, 1571-1630","Prague, Czech Republic",1 version reference
393,Letter,6 August 1606,"Serarius, Nicolaus, 1555-1609","Mainz, Rhineland-Palatinate, Germany","Kepler, Johannes, 1571-1630","Prague, Czech Republic",1 version reference
394,Letter,8 August 1606,"Odontius, Johann Caspar, 1580-1626","Altdorf, Bavaria, Germany","Kepler, Johannes, 1571-1630","Prague, Czech Republic",1 version reference
395,Letter,31 August 1606,"Pape, Johann, 1558-1622","Kaliningrad [Königsberg], Kaliningrad Oblast, Russia [Prussia]","Kepler, Johannes, 1571-1630","Prague, Czech Republic",1 version reference
396,Letter,22 September 1606,"Ziegler, Johannes Reinhard, 1569-1636","Mainz, Rhineland-Palatinate, Germany","Kepler, Johannes, 1571-1630","Prague, Czech Republic",1 version reference
397,Letter,30 September 1606,"Kepler, Johannes, 1571-1630","Prague, Czech Republic","Odontius, Johann Caspar, 1580-1626","Altdorf, Bavaria, Germany",1 version reference
398,Letter,2 October 1606,"Kepler, Johannes, 1571-1630","Prague, Czech Republic","Harriot, Thomas, 1560-1621","London, England, United Kingdom",1 version reference
399,Letter,4 October 1606,"Hafenreffer, Samuel, 1587-1660","Tübingen, Baden-Württemberg, Germany","Kepler, Johannes, 1571-1630","Prague, Czech Republic",1 version reference
400,Letter,12 October 1606,"Kepler, Johannes, 1571-1630","Prague, Czech Republic","Ziegler, Johannes Reinhard, 1569-1636","Mainz, Rhineland-Palatinate, Germany",1 version reference
401,Letter,16 October 1606,"Kepler, Johannes, 1571-1630","Prague, Czech Republic","Maximilian Ernest of Austria, 1583-1616",,1 version reference
402,Letter,18 October 1606,"Kepler, Johannes, 1571-1630","Prague, Czech Republic","Ziegler, Johannes Reinhard, 1569-1636","Mainz, Rhineland-Palatinate, Germany",1 version reference
403,Letter,10 November 1606,"Jessen, Johannes, 1566-1621","Panenské Břežany, Central Bohemia","Kepler, Johannes, 1571-1630","Prague, Czech Republic",1 version reference
404,Letter,16 November 1606,"Kepler, Johannes, 1571-1630","Prague, Czech Republic","Hafenreffer, Samuel, 1587-1660","Tübingen, Baden-Württemberg, Germany",1 version reference
405,Letter,28 November 1606,"Herwart von Hohenburg, Hans Georg, 1553-1622","Munich, Bavaria, Germany","Kepler, Johannes, 1571-1630","Prague, Czech Republic",1 version reference
406,Letter,2 December 1606,"Harriot, Thomas, 1560-1621","London, England, United Kingdom","Kepler, Johannes, 1571-1630","Prague, Czech Republic",1 version reference
407,Letter,4 December 1606,"Kepler, Johannes, 1571-1630","Prague, Czech Republic","Rudolf II, 1552-1612","Prague, Czech Republic",1 version reference
408,Letter,1606,"Kepler, Johannes, 1571-1630","Prague, Czech Republic","Coignet, Michiel, 1549-1623","Antwerp, Flanders, Belgium",1 version reference
409,Letter,3 January 1607,"Hafenreffer, Matthias, 1561-1619","Tübingen, Baden-Württemberg, Germany","Kepler, Johannes, 1571-1630","Prague, Czech Republic",1 version reference
410,Letter,3 January 1607,"Hafenreffer, Samuel, 1587-1660","Tübingen, Baden-Württemberg, Germany","Kepler, Johannes, 1571-1630","Prague, Czech Republic",1 version reference
411,Letter,16 January 1607,"Herwart von Hohenburg, Hans Georg, 1553-1622","Munich, Bavaria, Germany","Kepler, Johannes, 1571-1630","Prague, Czech Republic",1 version reference
412,Letter,20 January 1607,"Fabricius, David, 1564-1617","Osteel, Lower Saxony, Germany","Kepler, Johannes, 1571-1630","Prague, Czech Republic",1 version reference
413,Letter,January 1607,"Kepler, Johannes, 1571-1630","Prague, Czech Republic","Herwart von Hohenburg, Hans Georg, 1553-1622","Munich, Bavaria, Germany",1 version reference
414,Letter,22 February 1607,"Rhodius, Ambrosius, 1577-1633","Wittenberg, Saxony-Anhalt, Germany","Kepler, Johannes, 1571-1630","Prague, Czech Republic",1 version reference
415,Letter,24 February 1607,"Ruland, Martin, 1569-1611","Regensburg, Bavaria, Germany","Kepler, Johannes, 1571-1630","Prague, Czech Republic",1 version reference
416,Letter,6 March 1607,"Herwart von Hohenburg, Hans Georg, 1553-1622","Munich, Bavaria, Germany","Kepler, Johannes, 1571-1630","Prague, Czech Republic",1 version reference
417,Letter,7 March 1607,"Hafenreffer, Samuel, 1587-1660","Tübingen, Baden-Württemberg, Germany","Kepler, Johannes, 1571-1630","Prague, Czech Republic",1 version reference
418,Letter,14 March 1607,"Pistorius, Johann, 1546-1608","Freiburg, Baden-Württemberg, Germany","Kepler, Johannes, 1571-1630","Prague, Czech Republic",1 version reference
419,Letter,20 March 1607,"Herwart von Hohenburg, Hans Georg, 1553-1622","Munich, Bavaria, Germany","Kepler, Johannes, 1571-1630","Prague, Czech Republic",1 version reference
420,Letter,25 March 1607,"Rhodius, Ambrosius, 1577-1633","Wittenberg, Saxony-Anhalt, Germany","Kepler, Johannes, 1571-1630","Prague, Czech Republic",1 version reference
421,Letter,3 April 1607,"Zeidler, Hans, fl. 1607","Dresden, Saxony, Germany","Kepler, Johannes, 1571-1630","Prague, Czech Republic",1 version reference
422,Letter,5 April 1607,"Fabricius, David, 1564-1617","Osteel, Lower Saxony, Germany","Kepler, Johannes, 1571-1630","Prague, Czech Republic",1 version reference
423,Letter,7 April 1607,"Kepler, Johannes, 1571-1630","Prague, Czech Republic","Mästlin, Michael, 1550-1631","Tübingen, Baden-Württemberg, Germany",1 version reference
424,Letter,13 April 1607,"Fabricius, David, 1564-1617","Osteel, Lower Saxony, Germany","Kepler, Johannes, 1571-1630","Prague, Czech Republic",1 version reference
425,Letter,18 April 1607,"Herwart von Hohenburg, Hans Georg, 1553-1622","Munich, Bavaria, Germany","Kepler, Johannes, 1571-1630","Prague, Czech Republic",1 version reference
426,Letter,26 April 1607,"Herwart von Hohenburg, Hans Georg, 1553-1622","Munich, Bavaria, Germany","Kepler, Johannes, 1571-1630","Prague, Czech Republic",1 version reference
427,Letter,26 April 1607,"Serarius, Nicolaus, 1555-1609","Mainz, Rhineland-Palatinate, Germany","Kepler, Johannes, 1571-1630","Prague, Czech Republic",1 version reference
428,Letter,April 1607,"Kepler, Johannes, 1571-1630","Prague, Czech Republic","Herwart von Hohenburg, Hans Georg, 1553-1622","Munich, Bavaria, Germany",1 version reference
429,Letter,2 May 1607,"Riddershusius, Ludolph, fl. 1594-1603","Bremen, Bremen, Germany","Kepler, Johannes, 1571-1630","Prague, Czech Republic",1 version reference
430,Letter,7 May 1607,"Kepler, Johannes, 1571-1630","Prague, Czech Republic",Unknown male,,1 version reference
431,Letter,22 May 1607,"Calvisius, Sethus, 1556-1615","Leipzig, Saxony, Germany","Kepler, Johannes, 1571-1630","Prague, Czech Republic",1 version reference
432,Letter,23 May 1607,"Eichler, Gregor, 1562-1611","Görlitz, Saxony, Germany","Kepler, Johannes, 1571-1630","Prague, Czech Republic",1 version reference
433,Letter,1 June 1607,"Fabricius, David, 1564-1617","Osteel, Lower Saxony, Germany","Kepler, Johannes, 1571-1630","Prague, Czech Republic",1 version reference
434,Letter,3 June 1607,"Eichler, Gregor, 1562-1611","Görlitz, Saxony, Germany","Kepler, Johannes, 1571-1630","Prague, Czech Republic",1 version reference
435,Letter,8 June 1607,"Kepler, Johannes, 1571-1630","Prague, Czech Republic","Besold, Christoph, 1577-1638","Tübingen, Baden-Württemberg, Germany",1 version reference
436,Letter,15 June 1607,"Kepler, Johannes, 1571-1630","Prague, Czech Republic","Pistorius, Johann, 1546-1608","Freiburg, Baden-Württemberg, Germany",1 version reference
437,Letter,9 July 1607,"Anhalt-Plötzkau, August von, 1575-1653","Crossen an der Elster, Thuringia, Germany","Kepler, Johannes, 1571-1630","Prague, Czech Republic",1 version reference
438,Letter,10 July 1607,"Anhalt-Plötzkau, August von, 1575-1653","Crossen an der Elster, Thuringia, Germany","Kepler, Johannes, 1571-1630","Prague, Czech Republic",1 version reference
439,Letter,12 July 1607,"Pistorius, Johann, 1546-1608","Freiburg, Baden-Württemberg, Germany","Kepler, Johannes, 1571-1630","Prague, Czech Republic",1 version reference
440,Letter,1 August 1607,"Kepler, Johannes, 1571-1630","Prague, Czech Republic","Fabricius, David, 1564-1617","Osteel, Lower Saxony, Germany",1 version reference
441,Letter,2 August 1607,"Kepler, Johannes, 1571-1630","Prague, Czech Republic","Harriot, Thomas, 1560-1621","London, England, United Kingdom",1 version reference
442,Letter,22 August 1607,"Riddershusius, Ludolph, fl. 1594-1603","Bremen, Bremen, Germany","Kepler, Johannes, 1571-1630","Prague, Czech Republic",1 version reference
443,Letter,23 August 1607,"Calvisius, Sethus, 1556-1615","Leipzig, Saxony, Germany","Kepler, Johannes, 1571-1630","Prague, Czech Republic",1 version reference
444,Letter,1 September 1607,"Brengger, Johann Georg, 1559-1637 or after","Kaufbeuren, Bavaria, Germany","Kepler, Johannes, 1571-1630","Prague, Czech Republic",1 version reference
445,Letter,7 September 1607,"Decker, Joannes, fl. 1605","Olomouc, Moravia, Czech Republic","Kepler, Johannes, 1571-1630","Prague, Czech Republic",1 version reference
446,Letter,18 September 1607,"Kepler, Johannes, 1571-1630","Prague, Czech Republic","Decker, Joannes, fl. 1605","Olomouc, Moravia, Czech Republic",1 version reference
447,Letter,19 September 1607,"Kepler, Johannes, 1571-1630","Prague, Czech Republic","Calvisius, Sethus, 1556-1615","Leipzig, Saxony, Germany",1 version reference
448,Letter,23 September 1607,"Ziegler, Johannes Reinhard, 1569-1636","Mainz, Rhineland-Palatinate, Germany","Kepler, Johannes, 1571-1630","Prague, Czech Republic",1 version reference
449,Letter,28 September 1607,"Calvisius, Sethus, 1556-1615","Leipzig, Saxony, Germany","Kepler, Johannes, 1571-1630","Prague, Czech Republic",1 version reference
450,Letter,1 October 1607,"Fersius, Johannes, fl. 1607-1608","Dresden, Saxony, Germany","Kepler, Johannes, 1571-1630","Prague, Czech Republic",1 version reference
451,Letter,4 October 1607,"Kepler, Johannes, 1571-1630","Prague, Czech Republic","Brengger, Johann Georg, 1559-1637 or after","Kaufbeuren, Bavaria, Germany",1 version reference
452,Letter,6 October 1607,"Kepler, Johannes, 1571-1630","Prague, Czech Republic","De Cavalli, Marin, 1561-1611","Prague, Czech Republic",1 version reference
453,Letter,10 October 1607,"Kepler, Johannes, 1571-1630","Prague, Czech Republic","Baden-Durlach, Georg Friedrich von, 1573-1637",,1 version reference
454,Letter,10 October 1607,"Herwart von Hohenburg, Hans Georg, 1553-1622","Munich, Bavaria, Germany","Kepler, Johannes, 1571-1630","Prague, Czech Republic",1 version reference
455,Letter,15 October 1607,"Decker, Joannes, fl. 1605","Olomouc, Moravia, Czech Republic","Kepler, Johannes, 1571-1630","Prague, Czech Republic",1 version reference
456,Letter,27 October 1607,"Kepler, Johannes, 1571-1630","Prague, Czech Republic","Scaliger, Joseph Justus, 1540-1609","Leiden, South Holland, Netherlands",1 version reference
457,Letter,27 October 1607,"Kepler, Johannes, 1571-1630","Prague, Czech Republic","Decker, Joannes, fl. 1605","Olomouc, Moravia, Czech Republic",1 version reference
458,Letter,30 October 1607,"Brengger, Johann Georg, 1559-1637 or after","Kaufbeuren, Bavaria, Germany","Kepler, Johannes, 1571-1630","Prague, Czech Republic",1 version reference
459,Letter,1 November 1607,"Ziegler, Johannes Reinhard, 1569-1636","Mainz, Rhineland-Palatinate, Germany","Kepler, Johannes, 1571-1630","Prague, Czech Republic",1 version reference
460,Letter,13 November 1607,"Decker, Joannes, fl. 1605","Olomouc, Moravia, Czech Republic","Kepler, Johannes, 1571-1630","Prague, Czech Republic",1 version reference
461,Letter,16 November 1607,"Kepler, Johannes, 1571-1630","Prague, Czech Republic","Calvisius, Sethus, 1556-1615","Leipzig, Saxony, Germany",1 version reference
462,Letter,16 November 1607,"Kepler, Johannes, 1571-1630","Prague, Czech Republic","Calvisius, Sethus, 1556-1615","Leipzig, Saxony, Germany",1 version reference
463,Letter,24 November 1607,"Kepler, Johannes, 1571-1630","Prague, Czech Republic","Herwart von Hohenburg, Hans Georg, 1553-1622","Munich, Bavaria, Germany",1 version reference
464,Letter,25 November 1607,"Pape, Johann, 1558-1622","Kaliningrad [Königsberg], Kaliningrad Oblast, Russia [Prussia]","Kepler, Johannes, 1571-1630","Prague, Czech Republic",1 version reference
465,Letter,27 November 1607,"Herwart von Hohenburg, Hans Georg, 1553-1622","Munich, Bavaria, Germany","Kepler, Johannes, 1571-1630","Prague, Czech Republic",1 version reference
466,Letter,November 1607,"Dornau, Caspar, 1577-1631",,"Kepler, Johannes, 1571-1630","Prague, Czech Republic",1 version reference
467,Letter,30 November 1607,"Kepler, Johannes, 1571-1630","Prague, Czech Republic","Brengger, Johann Georg, 1559-1637 or after","Kaufbeuren, Bavaria, Germany",1 version reference
468,Letter,1 December 1607,"Kepler, Johannes, 1571-1630","Prague, Czech Republic","Fersius, Johannes, fl. 1607-1608","Dresden, Saxony, Germany",1 version reference
469,Letter,1 December 1607,"Dornau, Caspar, 1577-1631","Görlitz, Saxony, Germany","Kepler, Johannes, 1571-1630","Prague, Czech Republic",1 version reference
470,Letter,11 December 1607,"Decker, Joannes, fl. 1605","Olomouc, Moravia, Czech Republic","Kepler, Johannes, 1571-1630","Prague, Czech Republic",1 version reference
471,Letter,13 December 1607,"Tanckius, Joachim, 1557-1609","Leipzig, Saxony, Germany","Kepler, Johannes, 1571-1630","Prague, Czech Republic",1 version reference
472,Letter,30 December 1607,"Tanckius, Joachim, 1557-1609","Leipzig, Saxony, Germany","Kepler, Johannes, 1571-1630","Prague, Czech Republic",1 version reference
473,Letter,1607,"Kepler, Johannes, 1571-1630","Prague, Czech Republic","Anhalt-Plötzkau, August von, 1575-1653","Crossen an der Elster, Thuringia, Germany",1 version reference
474,Letter,1607,"Kepler, Johannes, 1571-1630","Prague, Czech Republic","Calvisius, Sethus, 1556-1615","Leipzig, Saxony, Germany",1 version reference
475,Letter,1607,"Starhemberg, Erasmus von, 1575-1648","Eferding, Upper Austria, Austria","Kepler, Johannes, 1571-1630","Prague, Czech Republic",1 version reference
476,Letter,1607,"Kepler, Johannes, 1571-1630","Prague, Czech Republic","James I and VI, King of England, Scotland, and Ireland, 1566-1625",,1 version reference
477,Letter,1 January 1608,"Eichler, Gregor, 1562-1611","Görlitz, Saxony, Germany","Kepler, Johannes, 1571-1630","Prague, Czech Republic",1 version reference
478,Letter,3 January 1608,"Tanckius, Joachim, 1557-1609","Leipzig, Saxony, Germany","Kepler, Johannes, 1571-1630","Prague, Czech Republic",1 version reference
479,Letter,11 January 1608,"Müller, Johannes, fl. 1596-1602","Nový Jáchymov, Central Bohemia, Czech Republic","Kepler, Johannes, 1571-1630","Prague, Czech Republic",1 version reference
480,Letter,12 January 1608,"Herwart von Hohenburg, Hans Georg, 1553-1622","Munich, Bavaria, Germany","Kepler, Johannes, 1571-1630","Prague, Czech Republic",1 version reference
481,Letter,24 January 1608,"Kepler, Johannes, 1571-1630","Prague, Czech Republic","Eichler, Gregor, 1562-1611","Görlitz, Saxony, Germany",1 version reference
482,Letter,24 January 1608,"Tanckius, Joachim, 1557-1609","Leipzig, Saxony, Germany","Kepler, Johannes, 1571-1630","Prague, Czech Republic",1 version reference
483,Letter,25 January 1608,"Dornau, Caspar, 1577-1631","Görlitz, Saxony, Germany","Kepler, Johannes, 1571-1630","Prague, Czech Republic",1 version reference
484,Letter,30 January 1608,"Kepler, Johannes, 1571-1630","Prague, Czech Republic","Calvisius, Sethus, 1556-1615","Leipzig, Saxony, Germany",1 version reference
485,Letter,27 February 1608,"Fabricius, David, 1564-1617","Osteel, Lower Saxony, Germany","Kepler, Johannes, 1571-1630","Prague, Czech Republic",1 version reference
486,Letter,29 February 1608,"Tanckius, Joachim, 1557-1609","Leipzig, Saxony, Germany","Kepler, Johannes, 1571-1630","Prague, Czech Republic",1 version reference
487,Letter,5 March 1608,"Tanckius, Joachim, 1557-1609","Leipzig, Saxony, Germany","Kepler, Johannes, 1571-1630","Prague, Czech Republic",1 version reference
488,Letter,9 March 1608,"Brengger, Johann Georg, 1559-1637 or after","Kaufbeuren, Bavaria, Germany","Kepler, Johannes, 1571-1630","Prague, Czech Republic",1 version reference
489,Letter,11 March 1608,"Fabricius, Johannes, 1587-1616","Wittenberg, Saxony-Anhalt, Germany","Kepler, Johannes, 1571-1630","Prague, Czech Republic",1 version reference
490,Letter,14 March 1608,"Rhodius, Ambrosius, 1577-1633","Wittenberg, Saxony-Anhalt, Germany","Kepler, Johannes, 1571-1630","Prague, Czech Republic",1 version reference
491,Letter,28 March 1608,"School Inspectors, Graz","Graz, Styria, Austria","Kepler, Johannes, 1571-1630","Prague, Czech Republic",1 version reference
492,Letter,3 April 1608,"Pape, Johann, 1558-1622","Kaliningrad [Königsberg], Kaliningrad Oblast, Russia [Prussia]","Kepler, Johannes, 1571-1630","Prague, Czech Republic",1 version reference
493,Letter,5 April 1608,"Kepler, Johannes, 1571-1630","Prague, Czech Republic","Brengger, Johann Georg, 1559-1637 or after","Kaufbeuren, Bavaria, Germany",1 version reference
494,Letter,11 April 1608,"Tanckius, Joachim, 1557-1609","Leipzig, Saxony, Germany","Kepler, Johannes, 1571-1630","Prague, Czech Republic",1 version reference
495,Letter,18 April 1608,"Tanckius, Joachim, 1557-1609","Leipzig, Saxony, Germany","Kepler, Johannes, 1571-1630","Prague, Czech Republic",1 version reference
496,Letter,April 1608,"Kepler, Johannes, 1571-1630","Prague, Czech Republic","Rudolf II, 1552-1612","Prague, Czech Republic",1 version reference
497,Letter,12 May 1608,"Kepler, Johannes, 1571-1630","Prague, Czech Republic","Tanckius, Joachim, 1557-1609","Leipzig, Saxony, Germany",1 version reference
498,Letter,25 May 1608,"Brengger, Johann Georg, 1559-1637 or after","Kaufbeuren, Bavaria, Germany","Kepler, Johannes, 1571-1630","Prague, Czech Republic",1 version reference
499,Letter,5 July 1608,"Pape, Johann, 1558-1622","Kaliningrad [Königsberg], Kaliningrad Oblast, Russia [Prussia]","Kepler, Johannes, 1571-1630","Prague, Czech Republic",1 version reference
500,Letter,13 July 1608,"Harriot, Thomas, 1560-1621","London, England, United Kingdom","Kepler, Johannes, 1571-1630","Prague, Czech Republic",1 version reference
501,Letter,19 July 1608,"Bulder, Hermann, fl. 1608-1609",,"Kepler, Johannes, 1571-1630","Prague, Czech Republic",1 version reference
502,Letter,18 August 1608,"Fabricius, David, 1564-1617","Osteel, Lower Saxony, Germany","Kepler, Johannes, 1571-1630","Prague, Czech Republic",1 version reference
503,Letter,1 September 1608,"Mingonius, Thomas, fl. 1608",,"Kepler, Johannes, 1571-1630","Prague, Czech Republic",1 version reference
504,Letter,9 September 1608,"Forst, Detlef, fl. 1608","Neumünster, Schleswig-Holstein, Germany","Kepler, Johannes, 1571-1630","Prague, Czech Republic",1 version reference
505,Letter,3 September 1608 - 13 September 1608,"Kepler, Johannes, 1571-1630",,"Seussius, Johannes, fl. 1608","Dresden, Saxony, Germany",1 version reference
506,Letter,13 September 1608,"Herwart von Hohenburg, Hans Georg, 1553-1622","Munich, Bavaria, Germany","Kepler, Johannes, 1571-1630","Prague, Czech Republic",1 version reference
507,Letter,27 September 1608,"Beyer, Johann Hartmann, 1563-1625","Frankfurt am Main, Hesse, Germany","Kepler, Johannes, 1571-1630","Prague, Czech Republic",1 version reference
508,Letter,2 October 1608,"Fabricius, David, 1564-1617","Osteel, Lower Saxony, Germany","Kepler, Johannes, 1571-1630","Prague, Czech Republic",1 version reference
509,Letter,18 October 1608,"Kepler, Johannes, 1571-1630","Prague, Czech Republic","Herwart von Hohenburg, Hans Georg, 1553-1622","Munich, Bavaria, Germany",1 version reference
510,Letter,August 1608 - October 1608,"Fabricius, David, 1564-1617","Osteel, Lower Saxony, Germany","Kepler, Johannes, 1571-1630","Prague, Czech Republic",1 version reference
511,Letter,5 November 1608,"Herwart von Hohenburg, Hans Georg, 1553-1622","Munich, Bavaria, Germany","Kepler, Johannes, 1571-1630","Prague, Czech Republic",1 version reference
512,Letter,10 November 1608,"Kepler, Johannes, 1571-1630","Prague, Czech Republic","Fabricius, David, 1564-1617","Osteel, Lower Saxony, Germany",1 version reference
513,Letter,26 November 1608,"Tanckius, Joachim, 1557-1609","Leipzig, Saxony, Germany","Kepler, Johannes, 1571-1630","Prague, Czech Republic",1 version reference
514,Letter,November 1608,"Kepler, Johannes, 1571-1630","Prague, Czech Republic","Fabricius, Johannes, 1587-1616","Wittenberg, Saxony-Anhalt, Germany",1 version reference
515,Letter,November 1608,"Kepler, Johannes, 1571-1630","Prague, Czech Republic","Calvisius, Sethus, 1556-1615","Leipzig, Saxony, Germany",1 version reference
516,Letter,30 November 1608,"Kepler, Johannes, 1571-1630","Prague, Czech Republic","Decker, Joannes, fl. 1605","Olomouc, Moravia, Czech Republic",1 version reference
517,Letter,2 December 1608,"Herwart von Hohenburg, Hans Georg, 1553-1622","Munich, Bavaria, Germany","Kepler, Johannes, 1571-1630","Prague, Czech Republic",1 version reference
518,Letter,5 December 1608,"Herwart von Hohenburg, Hans Georg, 1553-1622","Munich, Bavaria, Germany","Kepler, Johannes, 1571-1630","Prague, Czech Republic",1 version reference
519,Letter,12 December 1608,"Kepler, Johannes, 1571-1630","Prague, Czech Republic","Herwart von Hohenburg, Hans Georg, 1553-1622","Munich, Bavaria, Germany",1 version reference
520,Letter,1608,"Fabricius, David, 1564-1617","Osteel, Lower Saxony, Germany","Kepler, Johannes, 1571-1630","Prague, Czech Republic",1 version reference
521,Letter,2 January 1609,"Calvisius, Sethus, 1556-1615","Leipzig, Saxony, Germany","Kepler, Johannes, 1571-1630","Prague, Czech Republic",1 version reference
522,Letter,17 January 1609,"Ziegler, Johannes Reinhard, 1569-1636","Mainz, Rhineland-Palatinate, Germany","Kepler, Johannes, 1571-1630","Prague, Czech Republic",1 version reference
523,Letter,19 January 1609,"Herwart von Hohenburg, Hans Georg, 1553-1622","Munich, Bavaria, Germany","Kepler, Johannes, 1571-1630","Prague, Czech Republic",1 version reference
524,Letter,12 March 1609,"Fabricius, David, 1564-1617","Osteel, Lower Saxony, Germany","Kepler, Johannes, 1571-1630","Prague, Czech Republic",1 version reference
525,Letter,11 April 1609,"Tanckius, Joachim, 1557-1609","Leipzig, Saxony, Germany","Kepler, Johannes, 1571-1630","Prague, Czech Republic",1 version reference
526,Letter,23 April 1609,"Herwart von Hohenburg, Hans Georg, 1553-1622","Munich, Bavaria, Germany","Kepler, Johannes, 1571-1630","Prague, Czech Republic",1 version reference
527,Letter,13 May 1609,"Roomen, Adriaan van, 1561-1615","Leuven, Flemish Brabant, Belgium","Kepler, Johannes, 1571-1630","Prague, Czech Republic",1 version reference
528,Letter,April 1609 - May 1609,"Kepler, Johannes, 1571-1630","Stuttgart, Baden-Württemberg, (Swabian Imperial Circle) Germany, (Holy Roman Empire)","Württemberg, Johann Friedrich von, 1582-1628",,1 version reference
529,Letter,May 1609,"Kepler, Johannes, 1571-1630","Stuttgart, Baden-Württemberg, (Swabian Imperial Circle) Germany, (Holy Roman Empire)","Württemberg, Johann Friedrich von, 1582-1628",,1 version reference
530,Letter,5 June 1609,"Herwart von Hohenburg, Hans Georg, 1553-1622","Munich, Bavaria, Germany","Kepler, Johannes, 1571-1630","Prague, Czech Republic",1 version reference
531,Letter,8 July 1609,"Kepler, Johannes, 1571-1630","Prague, Czech Republic","Gerlach, Stephan, 1546-1612","Tübingen, Baden-Württemberg, Germany",1 version reference
532,Letter,14 August 1609,"Herwart von Hohenburg, Hans Georg, 1553-1622","Munich, Bavaria, Germany","Kepler, Johannes, 1571-1630","Prague, Czech Republic",1 version reference
533,Letter,29 August 1609,"Bulder, Hermann, fl. 1608-1609",,"Kepler, Johannes, 1571-1630","Prague, Czech Republic",1 version reference
534,Letter,30 August 1609,"Gerstenberger, Marcus, 1553-1613",,"Kepler, Johannes, 1571-1630","Prague, Czech Republic",1 version reference
535,Letter,1 September 1609,"Kepler, Johannes, 1571-1630","Prague, Czech Republic","Harriot, Thomas, 1560-1621","London, England, United Kingdom",1 version reference
536,Letter,1 September 1609,"Origanus, David, 1558-1629","Frankfurt (Oder), Brandenburg, Germany","Kepler, Johannes, 1571-1630","Prague, Czech Republic",1 version reference
537,Letter,2 September 1609,"Moller, Albin, fl. 1609","Altdöbern, Brandenburg, Germany","Kepler, Johannes, 1571-1630","Prague, Czech Republic",1 version reference
538,Letter,24 September 1609,"Ursinus, Benjamin, 1587-1633","Prague, Czech Republic","Kepler, Johannes, 1571-1630","Prague, Czech Republic",1 version reference
539,Letter,25 September 1609,"Tübingen University, formed 1477","Tübingen, Baden-Württemberg, Germany","Kepler, Johannes, 1571-1630","Prague, Czech Republic",1 version reference
540,Letter,23 November 1609,"Herwart von Hohenburg, Hans Georg, 1553-1622","Munich, Bavaria, Germany","Kepler, Johannes, 1571-1630","Prague, Czech Republic",1 version reference
541,Letter,3 December 1609,"Vicke, Nikolaus, fl. 1605","Halberstadt, Saxony-Anhalt, Germany","Kepler, Johannes, 1571-1630","Prague, Czech Republic",1 version reference
542,Letter,15 December 1609,"Herwart von Hohenburg, Hans Georg, 1553-1622","Munich, Bavaria, Germany","Kepler, Johannes, 1571-1630","Prague, Czech Republic",1 version reference
543,Letter,1608 - 1609,"Szenci Molnár, Albert, 1574-1634",,"Kepler, Johannes, 1571-1630","Prague, Czech Republic",1 version reference
544,Letter,1608 - 1609,"Kepler, Johannes, 1571-1630","Prague, Czech Republic",Unknown female,,1 version reference
545,Letter,1609,"Kepler, Johannes, 1571-1630","Prague, Czech Republic","Rudolf II, 1552-1612","Prague, Czech Republic",1 version reference
546,Letter,1609,"Kepler, Johannes, 1571-1630","Prague, Czech Republic","Calvisius, Sethus, 1556-1615","Leipzig, Saxony, Germany",1 version reference
547,Letter,1609,"Calvisius, Sethus, 1556-1615","Leipzig, Saxony, Germany","Kepler, Johannes, 1571-1630","Prague, Czech Republic",1 version reference
548,Letter,1609,"Calvisius, Sethus, 1556-1615","Leipzig, Saxony, Germany","Kepler, Johannes, 1571-1630","Prague, Czech Republic",1 version reference
549,Letter,1609,"Kepler, Johannes, 1571-1630",,Unknown,,1 version reference
550,Letter,1609,"Kepler, Johannes, 1571-1630",,Unknown,,1 version reference
551,Letter,12 January 1610,"Horký, Martin, fl. 1610","Bologna, Emilia-Romagna, Italy","Kepler, Johannes, 1571-1630","Prague, Czech Republic",1 version reference
552,Letter,15 January 1610,"Magini, Giovanni Antonio, 1555-1617","Bologna, Emilia-Romagna, Italy","Kepler, Johannes, 1571-1630","Prague, Czech Republic",1 version reference
553,Letter,18 January 1610,"Vicke, Nikolaus, fl. 1605","Halberstadt, Saxony-Anhalt, Germany","Kepler, Johannes, 1571-1630","Prague, Czech Republic",1 version reference
554,Letter,20 January 1610,"Krabbe, Johannes, 1553-1616","Wolfenbüttel, Lower Saxony, Germany","Kepler, Johannes, 1571-1630","Prague, Czech Republic",1 version reference
555,Letter,1 February 1610,"Kepler, Johannes, 1571-1630","Prague, Czech Republic","Magini, Giovanni Antonio, 1555-1617","Bologna, Emilia-Romagna, Italy",1 version reference
556,Letter,12 February 1610,"Longomontanus, Christian Sørensen, 1562-1647","Copenhagen, Capital Region, Denmark","Kepler, Johannes, 1571-1630","Prague, Czech Republic",1 version reference
557,Letter,13 February 1610,"Horký, Martin, fl. 1610","Bologna, Emilia-Romagna, Italy","Kepler, Johannes, 1571-1630","Prague, Czech Republic",1 version reference
558,Letter,18 February 1610,"Kepler, Johannes, 1571-1630","Prague, Czech Republic","Vicke, Nikolaus, fl. 1605","Halberstadt, Saxony-Anhalt, Germany",1 version reference
559,Letter,23 February 1610,"Magini, Giovanni Antonio, 1555-1617","Bologna, Emilia-Romagna, Italy","Kepler, Johannes, 1571-1630","Prague, Czech Republic",1 version reference
560,Letter,23 February 1610,"Vicke, Nikolaus, fl. 1605","Halberstadt, Saxony-Anhalt, Germany","Kepler, Johannes, 1571-1630","Prague, Czech Republic",1 version reference
561,Letter,23 February 1610,"Pape, Johann, 1558-1622","Kaliningrad [Königsberg], Kaliningrad Oblast, Russia [Prussia]","Kepler, Johannes, 1571-1630","Prague, Czech Republic",1 version reference
562,Letter,24 February 1610,"Hannke, Valentin, fl. 1610","Grodków, Opole Voivodeship, Poland","Kepler, Johannes, 1571-1630","Prague, Czech Republic",1 version reference
563,Letter,18 March 1610,"Kepler, Johannes, 1571-1630","Prague, Czech Republic","Vicke, Nikolaus, fl. 1605","Halberstadt, Saxony-Anhalt, Germany",1 version reference
564,Letter,18 March 1610,"Crüger, Peter, 1580-1639","Gdańsk, Pomeranian Voivodeship, Poland","Kepler, Johannes, 1571-1630","Prague, Czech Republic",1 version reference
565,Letter,22 March 1610,"Kepler, Johannes, 1571-1630","Prague, Czech Republic","Magini, Giovanni Antonio, 1555-1617","Bologna, Emilia-Romagna, Italy",1 version reference
566,Letter,31 March 1610,"Horký, Martin, fl. 1610","Bologna, Emilia-Romagna, Italy","Kepler, Johannes, 1571-1630","Prague, Czech Republic",1 version reference
567,Letter,6 April 1610,"Horký, Martin, fl. 1610","Bologna, Emilia-Romagna, Italy","Kepler, Johannes, 1571-1630","Prague, Czech Republic",1 version reference
568,Letter,15 April 1610,"Hasdale, Martin, fl. 1610","Prague, Czech Republic","Galilei, Galileo, 1564-1642","Padua, Veneto, Italy",1 version reference
569,Letter,16 April 1610,"Horký, Martin, fl. 1610","Bologna, Emilia-Romagna, Italy","Kepler, Johannes, 1571-1630","Prague, Czech Republic",1 version reference
570,Letter,16 April 1610,"Fugger, Georg, fl. 1610","Venice, Veneto, Italy","Kepler, Johannes, 1571-1630","Prague, Czech Republic",1 version reference
571,Letter,19 April 1610,"Kepler, Johannes, 1571-1630","Prague, Czech Republic","Galilei, Galileo, 1564-1642","Padua, Veneto, Italy",1 version reference
572,Letter,19 April 1610,"Medici, Giuliano de', fl. 1610-1611","Prague, Czech Republic","Galilei, Galileo, 1564-1642","Padua, Veneto, Italy",1 version reference
573,Letter,20 April 1610,"Magini, Giovanni Antonio, 1555-1617","Bologna, Emilia-Romagna, Italy","Kepler, Johannes, 1571-1630","Prague, Czech Republic",1 version reference
574,Letter,27 April 1610,"Horký, Martin, fl. 1610","Bologna, Emilia-Romagna, Italy","Kepler, Johannes, 1571-1630","Prague, Czech Republic",1 version reference
575,Letter,28 April 1610,"Hasdale, Martin, fl. 1610","Prague, Czech Republic","Galilei, Galileo, 1564-1642","Padua, Veneto, Italy",1 version reference
576,Letter,7 May 1610,"Galilei, Galileo, 1564-1642","Padua, Veneto, Italy","Vinta, Belisario, 1542-1613","Florence, Tuscany, Italy",1 version reference
577,Letter,10 May 1610,"Kepler, Johannes, 1571-1630","Prague, Czech Republic","Magini, Giovanni Antonio, 1555-1617","Bologna, Emilia-Romagna, Italy",1 version reference
578,Letter,24 May 1610,"Galilei, Galileo, 1564-1642","Padua, Veneto, Italy","Carosio, Matteo, fl. 1610","Paris, Île-de-France, France",1 version reference
579,Letter,24 May 1610,"Horký, Martin, fl. 1610","Bologna, Emilia-Romagna, Italy","Kepler, Johannes, 1571-1630","Prague, Czech Republic",1 version reference
580,Letter,26 May 1610,"Magini, Giovanni Antonio, 1555-1617","Bologna, Emilia-Romagna, Italy","Kepler, Johannes, 1571-1630","Prague, Czech Republic",1 version reference
581,Letter,26 May 1610,"Horký, Martin, fl. 1610","Bologna, Emilia-Romagna, Italy","Kepler, Johannes, 1571-1630","Prague, Czech Republic",1 version reference
582,Letter,28 May 1610,"Fugger, Georg, fl. 1610","Venice, Veneto, Italy","Kepler, Johannes, 1571-1630","Prague, Czech Republic",1 version reference
583,Letter,31 May 1610,"Hasdale, Martin, fl. 1610","Prague, Czech Republic","Galilei, Galileo, 1564-1642","Padua, Veneto, Italy",1 version reference
584,Letter,1 June 1610,"Pape, Johann, 1558-1622",,"Kepler, Johannes, 1571-1630","Prague, Czech Republic",1 version reference
585,Letter,7 June 1610,"Kepler, Johannes, 1571-1630","Prague, Czech Republic","Horký, Martin, fl. 1610","Bologna, Emilia-Romagna, Italy",1 version reference
586,Letter,26 June 1610,"Caselius, Johannes, 1533-1613","Helmstedt, Lower Saxony, Germany","Kepler, Johannes, 1571-1630","Prague, Czech Republic",1 version reference
587,Letter,30 June 1610,"Horký, Martin, fl. 1610","Bologna, Emilia-Romagna, Italy","Kepler, Johannes, 1571-1630","Prague, Czech Republic",1 version reference
588,Letter,9 August 1610,"Kepler, Johannes, 1571-1630","Prague, Czech Republic","Galilei, Galileo, 1564-1642","Padua, Veneto, Italy",1 version reference
589,Letter,9 August 1610,"Kepler, Johannes, 1571-1630","Prague, Czech Republic","Horký, Martin, fl. 1610","Bologna, Emilia-Romagna, Italy",1 version reference
590,Letter,18 August 1610,"Kepler, Johannes, 1571-1630","Prague, Czech Republic","Hafenreffer, Matthias, 1561-1619","Tübingen, Baden-Württemberg, Germany",1 version reference
591,Letter,19 August 1610,"Galilei, Galileo, 1564-1642","Padua, Veneto, Italy","Kepler, Johannes, 1571-1630","Prague, Czech Republic",1 version reference
592,Letter,August 1610,"Kepler, Johannes, 1571-1630","Prague, Czech Republic","Gerstenberger, Marcus, 1553-1613",,1 version reference
593,Letter,5 September 1610,"Lotter, Tobias, 1568-1631","Stuttgart, Baden-Württemberg, (Swabian Imperial Circle) Germany, (Holy Roman Empire)","Kepler, Johannes, 1571-1630","Prague, Czech Republic",1 version reference
594,Letter,6 September 1610,"Medici, Giuliano de', fl. 1610-1611","Prague, Czech Republic","Galilei, Galileo, 1564-1642","Florence, Tuscany, Italy",1 version reference
595,Letter,7 September 1610,"Donauer, Christoph, 1564-1611","Regensburg, Bavaria, Germany","Kepler, Johannes, 1571-1630","Prague, Czech Republic",1 version reference
596,Letter,7 September 1610,"Mästlin, Michael, 1550-1631","Tübingen, Baden-Württemberg, Germany","Kepler, Johannes, 1571-1630","Prague, Czech Republic",1 version reference
597,Letter,1 October 1610,"Galilei, Galileo, 1564-1642","Florence, Tuscany, Italy","Medici, Giuliano de', fl. 1610-1611","Prague, Czech Republic",1 version reference
598,Letter,5 October 1610,"Kepler, Johannes, 1571-1630","Prague, Czech Republic","Calvisius, Sethus, 1556-1615","Leipzig, Saxony, Germany",1 version reference
599,Letter,5 October 1610,"Krabbe, Johannes, 1553-1616","Wolfenbüttel, Lower Saxony, Germany","Kepler, Johannes, 1571-1630","Prague, Czech Republic",1 version reference
600,Letter,25 October 1610,"Kepler, Johannes, 1571-1630","Prague, Czech Republic","Galilei, Galileo, 1564-1642","Florence, Tuscany, Italy",1 version reference
601,Letter,October 1610,"Kepler, Johannes, 1571-1630","Prague, Czech Republic","Medici, Giuliano de', fl. 1610-1611","Prague, Czech Republic",1 version reference
602,Letter,2 November 1610,"Gödelmann, Johann Georg, 1559-1611","Dresden, Saxony, Germany","Kepler, Johannes, 1571-1630","Prague, Czech Republic",1 version reference
603,Letter,1 December 1610,"Horký, Martin, fl. 1610","Lochovice, Central Bohemia , Czech Republic","Kepler, Johannes, 1571-1630","Prague, Czech Republic",1 version reference
604,Letter,18 December 1610,"Kepler, Johannes, 1571-1630","Prague, Czech Republic",Unknown,"Dresden, Saxony, Germany",1 version reference
605,Letter,19 December 1610,"Hasdale, Martin, fl. 1610","Prague, Czech Republic","Galilei, Galileo, 1564-1642","Florence, Tuscany, Italy",1 version reference
606,Letter,20 December 1610,"Jörger von Tollet, Helmhard, 1572-1631","Linz, Upper Austria, Austria","Kepler, Johannes, 1571-1630","Prague, Czech Republic",1 version reference
607,Letter,25 December 1610,"Donauer, Christoph, 1564-1611","Regensburg, Bavaria, Germany","Kepler, Johannes, 1571-1630","Prague, Czech Republic",1 version reference
608,Letter,December 1610,"Kepler, Johannes, 1571-1630","Prague, Czech Republic","Galilei, Galileo, 1564-1642","Florence, Tuscany, Italy",1 version reference
609,Letter,1 January 1611,"Vicke, Nikolaus, fl. 1605","Wolfenbüttel, Lower Saxony, Germany","Kepler, Johannes, 1571-1630","Prague, Czech Republic",1 version reference
610,Letter,9 January 1611,"Kepler, Johannes, 1571-1630","Prague, Czech Republic","Galilei, Galileo, 1564-1642","Florence, Tuscany, Italy",1 version reference
611,Letter,7 February 1611,"Medici, Giuliano de', fl. 1610-1611","Prague, Czech Republic","Galilei, Galileo, 1564-1642","Florence, Tuscany, Italy",1 version reference
612,Letter,8 February 1611,"Kepler, Johannes, 1571-1630","Prague, Czech Republic","Vicke, Nikolaus, fl. 1605","Wolfenbüttel, Lower Saxony, Germany",1 version reference
613,Letter,14 February 1611,"Vicke, Nikolaus, fl. 1605","Wolfenbüttel, Lower Saxony, Germany","Kepler, Johannes, 1571-1630","Prague, Czech Republic",1 version reference
614,Letter,9 March 1611,"Kepler, Johannes, 1571-1630","Prague, Czech Republic","Württemberg, Johann Friedrich von, 1582-1628",,1 version reference
615,Letter,9 March 1611,"Kepler, Johannes, 1571-1630","Prague, Czech Republic","Württemberg, Sibylla von (Herzogin)",,1 version reference
616,Letter,25 March 1611,"Vicke, Nikolaus, fl. 1605","Wolfenbüttel, Lower Saxony, Germany","Kepler, Johannes, 1571-1630","Prague, Czech Republic",1 version reference
617,Letter,28 March 1611,"Kepler, Johannes, 1571-1630","Prague, Czech Republic","Galilei, Galileo, 1564-1642","Florence, Tuscany, Italy",1 version reference
618,Letter,29 March 1611,"Vicke, Nikolaus, fl. 1605","Wolfenbüttel, Lower Saxony, Germany","Kepler, Johannes, 1571-1630","Prague, Czech Republic",1 version reference
619,Letter,3 April 1611,"Kepler, Johannes, 1571-1630","Prague, Czech Republic",Unknown,,1 version reference
620,Letter,28 April 1611,"Herwart von Hohenburg, Hans Georg, 1553-1622",,"Kepler, Johannes, 1571-1630","Prague, Czech Republic",1 version reference
621,Letter,8 May 1611,"Vicke, Nikolaus, fl. 1605","Wolfenbüttel, Lower Saxony, Germany","Kepler, Johannes, 1571-1630","Prague, Czech Republic",1 version reference
622,Letter,6 June 1611,"Vicke, Nikolaus, fl. 1605","Wolfenbüttel, Lower Saxony, Germany","Kepler, Johannes, 1571-1630","Prague, Czech Republic",1 version reference
623,Letter,10 June 1611,"Kepler, Johannes, 1571-1630","Linz, Upper Austria, Austria","Upper Austria, Government of",,1 version reference
624,Letter,June 1611,"Kepler, Johannes, 1571-1630","Prague, Czech Republic","Vicke, Nikolaus, fl. 1605","Wolfenbüttel, Lower Saxony, Germany",1 version reference
625,Letter,20 July 1611,"Starhemberg, Erasmus von, 1575-1648","Linz, Upper Austria, Austria","Kepler, Johannes, 1571-1630","Prague, Czech Republic",1 version reference
626,Letter,24 September 1611,"Pape, Johann, 1558-1622","Kaliningrad [Königsberg], Kaliningrad Oblast, Russia [Prussia]","Kepler, Johannes, 1571-1630","Prague, Czech Republic",1 version reference
627,Letter,24 November 1611,"Odontius, Johann Caspar, 1580-1626","Altdorf, Bavaria, Germany","Kepler, Johannes, 1571-1630","Prague, Czech Republic",1 version reference
628,Letter,17 December 1611,"Quietanus, Johannes Remus, 1588-1654","Rome, Latium, Italy","Kepler, Johannes, 1571-1630","Prague, Czech Republic",1 version reference
629,Letter,28 December 1611,"Hoffmann, Johannes Fridericus, fl. 1600","Prague, Czech Republic","Kepler, Johannes, 1571-1630","Prague, Czech Republic",1 version reference
630,Letter,December 1611,"Hoffmann, Johannes Fridericus, fl. 1600","Prague, Czech Republic","Kepler, Johannes, 1571-1630","Prague, Czech Republic",1 version reference
631,Letter,1611,"Kepler, Johannes, 1571-1630","Prague, Czech Republic",Unknown,,1 version reference
632,Letter,19 January 1612,"Bachacius, Martinus, 1539-1612","Prague, Czech Republic","Kepler, Johannes, 1571-1630","Prague, Czech Republic",1 version reference
633,Letter,18 March 1612,"Kepler, Johannes, 1571-1630","Prague, Czech Republic","Quietanus, Johannes Remus, 1588-1654","Rome, Latium, Italy",1 version reference
634,Letter,26 May 1612,"Ursinus, Benjamin, 1587-1633","Prague, Czech Republic","Kepler, Johannes, 1571-1630","Linz, Upper Austria, Austria",1 version reference
635,Letter,2 June 1612,"Bernegger, Matthias, 1582-1640","Strasbourg, Grand Est, France","Memhard, Johann, fl. 1602","Linz, Upper Austria, Austria",1 version reference
636,Letter,7 August 1612,"Ursinus, Benjamin, 1587-1633","Prague, Czech Republic","Kepler, Johannes, 1571-1630","Linz, Upper Austria, Austria",1 version reference
637,Letter,13 August 1612,"Ursinus, Benjamin, 1587-1633","Prague, Czech Republic","Kepler, Johannes, 1571-1630","Linz, Upper Austria, Austria",1 version reference
638,Letter,3 September 1612,"Lorenz, Regina, 1590-1617","Pfaffenhofen an der Ilm, Bavaria, Germany","Kepler, Johannes, 1571-1630","Linz, Upper Austria, Austria",1 version reference
639,Letter,11 September 1612,"Ursinus, Benjamin, 1587-1633","Prague, Czech Republic","Kepler, Johannes, 1571-1630","Linz, Upper Austria, Austria",1 version reference
640,Letter,12 September 1612,"Stuttgart, Consistory of","Stuttgart, Baden-Württemberg, (Swabian Imperial Circle) Germany, (Holy Roman Empire)","Kepler, Johannes, 1571-1630","Linz, Upper Austria, Austria",1 version reference
641,Letter,14 September 1612,"Kepler, Johannes, 1571-1630","Linz, Upper Austria, Austria","Bernegger, Matthias, 1582-1640","Strasbourg, Grand Est, France",1 version reference
642,Letter,21 September 1612,"Freher, Marquard Friedrich, 1565-1614","Frankfurt am Main, Hesse, Germany","Kepler, Johannes, 1571-1630","Linz, Upper Austria, Austria",1 version reference
643,Letter,22 October 1612,"Welser, Markus, 1558-1614","Augsburg, Bavaria, Germany","Kepler, Johannes, 1571-1630","Linz, Upper Austria, Austria",1 version reference
644,Letter,10 November 1612,"Kepler, Johannes, 1571-1630","Prague, Czech Republic","Marius, Simon, 1570-1624","Ansbach, Bavaria, Germany",1 version reference
645,Letter,11 December 1612,"Maelcote, Oddo van, 1572-1615","Brussels, Brussels Capital Region, Belgium","Kepler, Johannes, 1571-1630","Linz, Upper Austria, Austria",1 version reference
646,Letter,1612,"Kepler, Johannes, 1571-1630","Prague, Czech Republic","Wacker von Wackenfels, Joannes Matthaeus, 1550-1619",,1 version reference
647,Letter,1612,"Pape, Johann, 1558-1622","Kaliningrad [Königsberg], Kaliningrad Oblast, Russia [Prussia]","Kepler, Johannes, 1571-1630","Linz, Upper Austria, Austria",1 version reference
648,Letter,1612,"Kepler, Johannes, 1571-1630","Prague, Czech Republic",Unknown female,,1 version reference
649,Letter,15 February 1613,"Ursinus, Benjamin, 1587-1633","Linz, Upper Austria, Austria","Kepler, Johannes, 1571-1630",,1 version reference
650,Letter,26 March 1613,"Kepler, Johannes, 1571-1630","Linz, Upper Austria, Austria","Bernegger, Matthias, 1582-1640","Strasbourg, Grand Est, France",1 version reference
651,Letter,7 April 1613,"Rüttel, Friedrich, 1579-1634","Stuttgart, Baden-Württemberg, (Swabian Imperial Circle) Germany, (Holy Roman Empire)","Kepler, Johannes, 1571-1630","Linz, Upper Austria, Austria",1 version reference
652,Letter,11 April 1613,"Kepler, Johannes, 1571-1630","Linz, Upper Austria, Austria","Bernegger, Matthias, 1582-1640","Strasbourg, Grand Est, France",1 version reference
653,Letter,12 April 1613,"Starhemberg, Erasmus von, 1575-1648",,"Kepler, Johannes, 1571-1630","Prague, Czech Republic",1 version reference
654,Letter,28 April 1613,"Mästlin, Michael, 1550-1631","Tübingen, Baden-Württemberg, Germany","Kepler, Johannes, 1571-1630","Linz, Upper Austria, Austria",1 version reference
655,Letter,1 May 1613,"Kepler, Johannes, 1571-1630","Steyregg, Upper Austria, Austria","Wacker von Wackenfels, Joannes Matthaeus, 1550-1619",,1 version reference
656,Letter,11 May 1613,"Rüttel, Friedrich, 1579-1634","Stuttgart, Baden-Württemberg, (Swabian Imperial Circle) Germany, (Holy Roman Empire)","Kepler, Johannes, 1571-1630","Linz, Upper Austria, Austria",1 version reference
657,Letter,3 June 1613,"Kepler, Johannes, 1571-1630","Linz, Upper Austria, Austria","Bernegger, Matthias, 1582-1640","Strasbourg, Grand Est, France",1 version reference
658,Letter,4 June 1613,"Brunn, Lukas, 1572-1628","Nuremberg, Bavaria, Germany","Kepler, Johannes, 1571-1630","Linz, Upper Austria, Austria",1 version reference
659,Letter,1 July 1613,"Kepler, Johannes, 1571-1630","Linz, Upper Austria, Austria","Bernegger, Matthias, 1582-1640","Strasbourg, Grand Est, France",1 version reference
660,Letter,10 July 1613,"Welser, Markus, 1558-1614","Augsburg, Bavaria, Germany","Kepler, Johannes, 1571-1630","Linz, Upper Austria, Austria",1 version reference
661,Letter,12 July 1613,"Kepler, Johannes, 1571-1630","Linz, Upper Austria, Austria","Bernegger, Matthias, 1582-1640","Strasbourg, Grand Est, France",1 version reference
662,Letter,18 July 1613,"Kepler, Johannes, 1571-1630","Linz, Upper Austria, Austria","Maelcote, Oddo van, 1572-1615","Brussels, Brussels Capital Region, Belgium",1 version reference
663,Letter,25 July 1613,"Kepler, Johannes, 1571-1630","Linz, Upper Austria, Austria","Austria, Estates of",,1 version reference
664,Letter,25 July 1613,"Mästlin, Michael, 1550-1631","Tübingen, Baden-Württemberg, Germany","Kepler, Johannes, 1571-1630","Linz, Upper Austria, Austria",1 version reference
665,Letter,25 July 1613,"Rüttel, Friedrich, 1579-1634","Stuttgart, Baden-Württemberg, (Swabian Imperial Circle) Germany, (Holy Roman Empire)","Kepler, Johannes, 1571-1630","Regensburg, Bavaria, Germany",1 version reference
666,Letter,26 August 1613,"Marius, Simon, 1570-1624","Ansbach, Bavaria, Germany","Kepler, Johannes, 1571-1630","Regensburg, Bavaria, Germany",1 version reference
667,Letter,1 October 1613,"Kepler, Johannes, 1571-1630",,"Matthias, Holy Roman Emperor, 1557-1619",,1 version reference
668,Letter,5 October 1613,"Pisani, Ottavio, b.1575","Antwerp, Flanders, Belgium","Kepler, Johannes, 1571-1630","Prague, Czech Republic",1 version reference
669,Letter,7 October 1613,"Pisani, Ottavio, b.1575","Antwerp, Flanders, Belgium","Kepler, Johannes, 1571-1630","Linz, Upper Austria, Austria",1 version reference
670,Letter,17 October 1613,"Kepler, Johannes, 1571-1630","Regensburg, Bavaria, Germany","Matthias, Holy Roman Emperor, 1557-1619",,1 version reference
671,Letter,18 October 1613,"Kepler, Johannes, 1571-1630","Regensburg, Bavaria, Germany","Bernegger, Matthias, 1582-1640","Strasbourg, Grand Est, France",1 version reference
672,Letter,22 October 1613,"Seussius, Johannes, fl. 1608","Dresden, Saxony, Germany","Kepler, Johannes, 1571-1630","Linz, Upper Austria, Austria",1 version reference
673,Letter,23 October 1613,"Kepler, Johannes, 1571-1630","Eferding, Upper Austria, Austria",Unknown,,1 version reference
674,Letter,23 October 1613,"Pisani, Ottavio, b.1575","Antwerp, Flanders, Belgium","Kepler, Johannes, 1571-1630","Regensburg, Bavaria, Germany",1 version reference
675,Letter,29 October 1613,"Upper Austria, Estates of","Linz, Upper Austria, Austria","Kepler, Johannes, 1571-1630","Linz, Upper Austria, Austria",1 version reference
676,Letter,October 1613,"Kepler, Johannes, 1571-1630","Regensburg, Bavaria, Germany",Unknown,,1 version reference
677,Letter,18 November 1613,"Ursinus, Benjamin, 1587-1633",,"Kepler, Johannes, 1571-1630","Linz, Upper Austria, Austria",1 version reference
678,Letter,12 December 1613,"Ursinus, Benjamin, 1587-1633","Soběslav, Jihočeský, Czech Republic","Kepler, Johannes, 1571-1630","Linz, Upper Austria, Austria",1 version reference
679,Letter,16 December 1613,"Kepler, Johannes, 1571-1630","Linz, Upper Austria, Austria","Pisani, Ottavio, b.1575","Antwerp, Flanders, Belgium",1 version reference
680,Letter,1612 - 1613,"Kepler, Johannes, 1571-1630","Linz, Upper Austria, Austria","Bernegger, Matthias, 1582-1640","Strasbourg, Grand Est, France",1 version reference
681,Letter,7 January 1614,"Ursinus, Benjamin, 1587-1633","Soběslav, Jihočeský, Czech Republic","Kepler, Johannes, 1571-1630","Linz, Upper Austria, Austria",1 version reference
682,Letter,5 February 1614,"Kepler, Johannes, 1571-1630","Wels, Upper Austria, Austria","Bernegger, Matthias, 1582-1640","Strasbourg, Grand Est, France",1 version reference
683,Letter,8 February 1614,"Maelcote, Oddo van, 1572-1615","Rome, Latium, Italy","Kepler, Johannes, 1571-1630","Linz, Upper Austria, Austria",1 version reference
684,Letter,11 February 1614,"Welser, Markus, 1558-1614","Augsburg, Bavaria, Germany","Kepler, Johannes, 1571-1630","Linz, Upper Austria, Austria",1 version reference
685,Letter,19 March 1614,"Ursinus, Benjamin, 1587-1633",,"Kepler, Johannes, 1571-1630","Linz, Upper Austria, Austria",1 version reference
686,Letter,31 March 1614,"Ursinus, Benjamin, 1587-1633",,"Kepler, Johannes, 1571-1630","Linz, Upper Austria, Austria",1 version reference
687,Letter,20 April 1614,"Ursinus, Benjamin, 1587-1633",,"Kepler, Johannes, 1571-1630","Linz, Upper Austria, Austria",1 version reference
688,Letter,17 May 1614,"Mästlin, Michael, 1550-1631","Tübingen, Baden-Württemberg, Germany","Kepler, Johannes, 1571-1630","Linz, Upper Austria, Austria",1 version reference
689,Letter,22 May 1614,"Kepler, Johannes, 1571-1630","Linz, Upper Austria, Austria","Bernegger, Matthias, 1582-1640","Strasbourg, Grand Est, France",1 version reference
690,Letter,22 May 1614,"Decker, Joannes, fl. 1605","Graz, Styria, Austria","Kepler, Johannes, 1571-1630","Linz, Upper Austria, Austria",1 version reference
691,Letter,28 May 1614,"Rüttel, Friedrich, 1579-1634","Stuttgart, Baden-Württemberg, (Swabian Imperial Circle) Germany, (Holy Roman Empire)","Kepler, Johannes, 1571-1630","Linz, Upper Austria, Austria",1 version reference
692,Letter,13 June 1614,"Strahlendorf, Peter Heinrich von, 1580-1637","Wels, Upper Austria, Austria","Kepler, Johannes, 1571-1630","Linz, Upper Austria, Austria",1 version reference
693,Letter,17 June 1614,"Mästlin, Michael, 1550-1631","Tübingen, Baden-Württemberg, Germany","Kepler, Johannes, 1571-1630","Linz, Upper Austria, Austria",1 version reference
694,Letter,20 July 1614,"Gehler, Michael, fl. 1600-1620","Soběslav, Jihočeský, Czech Republic","Kepler, Johannes, 1571-1630","Linz, Upper Austria, Austria",1 version reference
695,Letter,21 July 1614,"Ursinus, Benjamin, 1587-1633",,"Kepler, Johannes, 1571-1630","Linz, Upper Austria, Austria",1 version reference
696,Letter,5 August 1614,"Valesius, Jakob, fl. 1614","Prague, Czech Republic","Kepler, Johannes, 1571-1630","Linz, Upper Austria, Austria",1 version reference
697,Letter,13 August 1614,"Poltzhügel, Johann Georg Poltz von, d.1645","Linz, Upper Austria, Austria","Kepler, Johannes, 1571-1630","Linz, Upper Austria, Austria",1 version reference
698,Letter,August 1614,"Ursinus, Benjamin, 1587-1633",,"Kepler, Johannes, 1571-1630","Linz, Upper Austria, Austria",1 version reference
699,Letter,16 September 1614,"Valesius, Jakob, fl. 1614","Frankfurt am Main, Hesse, Germany","Kepler, Johannes, 1571-1630","Linz, Upper Austria, Austria",1 version reference
700,Letter,22 September 1614,"Decker, Joannes, fl. 1605","Vienna, Wien, Austria","Kepler, Johannes, 1571-1630","Linz, Upper Austria, Austria",1 version reference
701,Letter,29 September 1614,"Mingonius, Thomas, fl. 1608",,"Kepler, Johannes, 1571-1630","Linz, Upper Austria, Austria",1 version reference
702,Letter,5 October 1614,"Lansius, Thomas, 1577-1657","Tübingen, Baden-Württemberg, Germany","Kepler, Johannes, 1571-1630","Linz, Upper Austria, Austria",1 version reference
703,Letter,12 November 1614,"Rüttel, Friedrich, 1579-1634","Stuttgart, Baden-Württemberg, (Swabian Imperial Circle) Germany, (Holy Roman Empire)","Kepler, Johannes, 1571-1630","Linz, Upper Austria, Austria",1 version reference
704,Letter,16 November 1614,"Polheim, Gundacker von, 1575-1644","Wels, Upper Austria, Austria","Kepler, Johannes, 1571-1630","Linz, Upper Austria, Austria",1 version reference
705,Letter,20 November 1614,"Ursinus, Benjamin, 1587-1633","Bytom, Silesian Voivodeship, Poland","Kepler, Johannes, 1571-1630","Linz, Upper Austria, Austria",1 version reference
706,Letter,21 November 1614,"Rhodius, Ambrosius, 1577-1633","Wittenberg, Saxony-Anhalt, Germany","Kepler, Johannes, 1571-1630","Linz, Upper Austria, Austria",1 version reference
707,Letter,11 December 1614,"Kepler, Johannes, 1571-1630","Linz, Upper Austria, Austria","Bernegger, Matthias, 1582-1640","Strasbourg, Grand Est, France",1 version reference
708,Letter,14 December 1614,"Taxis, Gerhard von, 1578-1654","Vienna, Wien, Austria","Kepler, Johannes, 1571-1630","Linz, Upper Austria, Austria",1 version reference
709,Letter,27 December 1614,"Ursinus, Benjamin, 1587-1633","Szprotawa, Lubusz Voivodeship, (Silesia) Poland","Kepler, Johannes, 1571-1630","Linz, Upper Austria, Austria",1 version reference
710,Letter,1614,"Pisani, Ottavio, b.1575","Antwerp, Flanders, Belgium","Kepler, Johannes, 1571-1630","Linz, Upper Austria, Austria",1 version reference
711,Letter,4 January 1615,"Zelking, Hans Wilhelm von, 1589-1627","Wamberg, Bavaria, Germany","Kepler, Johannes, 1571-1630","Linz, Upper Austria, Austria",1 version reference
712,Letter,6 January 1615,"Lansius, Thomas, 1577-1657","Tübingen, Baden-Württemberg, Germany","Kepler, Johannes, 1571-1630","Linz, Upper Austria, Austria",1 version reference
713,Letter,28 January 1615,"Strahlendorf, Peter Heinrich von, 1580-1637","Vienna, Wien, Austria","Kepler, Johannes, 1571-1630","Linz, Upper Austria, Austria",1 version reference
714,Letter,14 February 1615,"Kepler, Johannes, 1571-1630","Linz, Upper Austria, Austria","Bernegger, Matthias, 1582-1640","Strasbourg, Grand Est, France",1 version reference
715,Letter,1 March 1615,"Kepler, Johannes, 1571-1630","Linz, Upper Austria, Austria","Crüger, Peter, 1580-1639","Gdańsk, Pomeranian Voivodeship, Poland",1 version reference
716,Letter,23 March 1615,"Kepler, Johannes, 1571-1630","Linz, Upper Austria, Austria","Bernegger, Matthias, 1582-1640","Strasbourg, Grand Est, France",1 version reference
717,Letter,4 April 1615,"Lansius, Thomas, 1577-1657","Tübingen, Baden-Württemberg, Germany","Kepler, Johannes, 1571-1630","Linz, Upper Austria, Austria",1 version reference
718,Letter,10 April 1615,"Scheiner, Christoph, 1573-1650","Ingolstadt, Bavaria, Germany, (Holy Roman Empire)","Kepler, Johannes, 1571-1630","Linz, Upper Austria, Austria",1 version reference
719,Letter,13 April 1615,"Hoffmann, Peter, fl. 1615","Prague, Czech Republic","Kepler, Johannes, 1571-1630","Linz, Upper Austria, Austria",1 version reference
720,Letter,26 April 1615,"Kepler, Johannes, 1571-1630","Linz, Upper Austria, Austria","Hoffmann, Peter, fl. 1615","Prague, Czech Republic",1 version reference
721,Letter,29 April 1615,"Kepler, Johannes, 1571-1630","Linz, Upper Austria, Austria","Bernegger, Matthias, 1582-1640","Strasbourg, Grand Est, France",1 version reference
722,Letter,1 May 1615,"Taxis, Gerhard von, 1578-1654","Vienna, Wien, Austria","Kepler, Johannes, 1571-1630","Linz, Upper Austria, Austria",1 version reference
723,Letter,17 August 1615,"Pape, Johann, 1558-1622","Kaliningrad [Königsberg], Kaliningrad Oblast, Russia [Prussia]","Kepler, Johannes, 1571-1630","Linz, Upper Austria, Austria",1 version reference
724,Letter,18 August 1615,"Pape, Johann, 1558-1622","Kaliningrad [Königsberg], Kaliningrad Oblast, Russia [Prussia]","Kepler, Johannes, 1571-1630","Linz, Upper Austria, Austria",1 version reference
725,Letter,5 September 1615,"Crüger, Peter, 1580-1639","Gdańsk, Pomeranian Voivodeship, Poland","Kepler, Johannes, 1571-1630","Linz, Upper Austria, Austria",1 version reference
726,Letter,27 September 1615,"Stöltzle, Melchior, fl. 1615","Innsbruck, Tyrol, Austria, (Holy Roman Empire)","Kepler, Johannes, 1571-1630","Linz, Upper Austria, Austria",1 version reference
727,Letter,27 September 1615,"Rüttel, Friedrich, 1579-1634","Stuttgart, Baden-Württemberg, (Swabian Imperial Circle) Germany, (Holy Roman Empire)","Kepler, Johannes, 1571-1630","Linz, Upper Austria, Austria",1 version reference
728,Letter,28 September 1615,"Gehler, Michael, fl. 1600-1620","Třeboň, Jihočeský, Czech Republic","Kepler, Johannes, 1571-1630","Linz, Upper Austria, Austria",1 version reference
729,Letter,14 December 1615,"Bianchi, Vincenzo, 1583-1637","Venice, Veneto, Italy","Kepler, Johannes, 1571-1630","Linz, Upper Austria, Austria",1 version reference
730,Letter,2 January 1616,"Kepler, Johannes, 1571-1630","Linz, Upper Austria, Austria","Leonberg, Senate of","Leonberg, Baden-Württemberg, Germany",1 version reference
731,Letter,12 March 1616,"Gehler, Michael, fl. 1600-1620","Soběslav, Jihočeský, Czech Republic","Kepler, Johannes, 1571-1630","Linz, Upper Austria, Austria",1 version reference
732,Letter,31 March 1616,"Crüger, Peter, 1580-1639","Gdańsk, Pomeranian Voivodeship, Poland","Kepler, Johannes, 1571-1630","Linz, Upper Austria, Austria",1 version reference
733,Letter,3 April 1616,"Kepler, Johannes, 1571-1630","Linz, Upper Austria, Austria","Bianchi, Vincenzo, 1583-1637","Venice, Veneto, Italy",1 version reference
734,Letter,11 April 1616,"Bianchi, Vincenzo, 1583-1637","Venice, Veneto, Italy","Kepler, Johannes, 1571-1630","Linz, Upper Austria, Austria",1 version reference
735,Letter,14 April 1616,"Kepler, Johannes, 1571-1630","Linz, Upper Austria, Austria","Bernegger, Matthias, 1582-1640","Strasbourg, Grand Est, France",1 version reference
736,Letter,2 May 1616,"Stöltzle, Melchior, fl. 1615","Innsbruck, Tyrol, Austria, (Holy Roman Empire)","Kepler, Johannes, 1571-1630","Linz, Upper Austria, Austria",1 version reference
737,Letter,5 May 1616,"Kepler, Johannes, 1571-1630","Linz, Upper Austria, Austria","Mästlin, Michael, 1550-1631","Tübingen, Baden-Württemberg, Germany",1 version reference
738,Letter,8 May 1616,"Ens, Caspar, 1570-1650","Cologne, North Rhine-Westphalia, Germany","Kepler, Johannes, 1571-1630","Linz, Upper Austria, Austria",1 version reference
739,Letter,9 May 1616,"Kepler, Johannes, 1571-1630","Linz, Upper Austria, Austria","Austria, Estates of",,1 version reference
740,Letter,16 May 1616,"Starhemberg, Erasmus von, 1575-1648",,"Kepler, Johannes, 1571-1630","Linz, Upper Austria, Austria",1 version reference
741,Letter,17 June 1616,"Kepler, Johannes, 1571-1630","Linz, Upper Austria, Austria","Crüger, Peter, 1580-1639","Gdańsk, Pomeranian Voivodeship, Poland",1 version reference
742,Letter,14 July 1616,"Starhemberg, Erasmus von, 1575-1648","Eferding, Upper Austria, Austria","Kepler, Johannes, 1571-1630","Linz, Upper Austria, Austria",1 version reference
743,Letter,29 July 1616,"Crusius, Florian, fl. 1609-1650","Strasbourg, Grand Est, France","Kepler, Johannes, 1571-1630","Linz, Upper Austria, Austria",1 version reference
744,Letter,31 July 1616,"Pape, Johann, 1558-1622","Dębno, West Pomerania, Poland","Kepler, Johannes, 1571-1630","Linz, Upper Austria, Austria",1 version reference
745,Letter,29 August 1616,"Crüger, Peter, 1580-1639","Gdańsk, Pomeranian Voivodeship, Poland","Kepler, Johannes, 1571-1630","Linz, Upper Austria, Austria",1 version reference
746,Letter,5 September 1616,"Kepler, Johannes, 1571-1630","Linz, Upper Austria, Austria","Mästlin, Michael, 1550-1631","Tübingen, Baden-Württemberg, Germany",1 version reference
747,Letter,21 September 1616,"Mästlin, Michael, 1550-1631","Tübingen, Baden-Württemberg, Germany","Kepler, Johannes, 1571-1630","Linz, Upper Austria, Austria",1 version reference
748,Letter,21 September 1616,"Strauss, Johannes, fl. 1620","Tübingen, Baden-Württemberg, Germany","Kepler, Johannes, 1571-1630","Linz, Upper Austria, Austria",1 version reference
749,Letter,22 September 1616,"Enenkel, Job Hartmann von, 1576-1627","Vienna, Wien, Austria","Kepler, Johannes, 1571-1630","Linz, Upper Austria, Austria",1 version reference
750,Letter,29 September 1616,"Beyer, Johann Hartmann, 1563-1625","Frankfurt am Main, Hesse, Germany","Kepler, Johannes, 1571-1630","Linz, Upper Austria, Austria",1 version reference
751,Letter,1 October 1616,"Kepler, Johannes, 1571-1630","Linz, Upper Austria, Austria","Fabricius, David, 1564-1617","Osteel, Lower Saxony, Germany",1 version reference
752,Letter,3 October 1616,"Crusius, Florian, fl. 1609-1650","Strasbourg, Grand Est, France","Kepler, Johannes, 1571-1630","Linz, Upper Austria, Austria",1 version reference
753,Letter,5 October 1616,"Mästlin, Michael, 1550-1631","Tübingen, Baden-Württemberg, Germany","Kepler, Johannes, 1571-1630","Linz, Upper Austria, Austria",1 version reference
754,Letter,13 October 1616,"Strauss, Johannes, fl. 1620","Tübingen, Baden-Württemberg, Germany","Kepler, Johannes, 1571-1630","Linz, Upper Austria, Austria",1 version reference
755,Letter,22 December 1616,"Kepler, Johannes, 1571-1630","Linz, Upper Austria, Austria","Mästlin, Michael, 1550-1631","Tübingen, Baden-Württemberg, Germany",1 version reference
756,Letter,1616,"Kepler, Johannes, 1571-1630","Linz, Upper Austria, Austria","Württemberg, Johann Friedrich von, 1582-1628","Stuttgart, Baden-Württemberg, (Swabian Imperial Circle) Germany, (Holy Roman Empire)",1 version reference
757,Letter,2 January 1617,"Schallenberg, Georg Christoph von, fl. 1638","Castle Leombach, Leombach, Upper Austria, Austria","Kepler, Johannes, 1571-1630","Linz, Upper Austria, Austria",1 version reference
758,Letter,9 January 1617,"Schallenberg, Georg Christoph von, fl. 1638","Castle Leombach, Leombach, Upper Austria, Austria","Kepler, Johannes, 1571-1630","Linz, Upper Austria, Austria",1 version reference
759,Letter,7 February 1617,"Kepler, Johannes, 1571-1630","Linz, Upper Austria, Austria","Bernegger, Matthias, 1582-1640","Strasbourg, Grand Est, France",1 version reference
760,Letter,12 February 1617,"Scheiner, Christoph, 1573-1650","Prague, Czech Republic","Guldin, Paul, 1577-1643","Rome, Latium, Italy",1 version reference
761,Letter,February 1617,"Kepler, Johannes, 1571-1630","Linz, Upper Austria, Austria","Faber, Sebastian, 1564-1625","Stuttgart, Baden-Württemberg, (Swabian Imperial Circle) Germany, (Holy Roman Empire)",1 version reference
762,Letter,1 March 1617,"Roffeni, Giovanni Antonio, 1580-1643","Bologna, Emilia-Romagna, Italy","Kepler, Johannes, 1571-1630","Linz, Upper Austria, Austria",1 version reference
763,Letter,5 March 1617,"Crusius, Florian, fl. 1609-1650","Strasbourg, Grand Est, France","Kepler, Johannes, 1571-1630","Linz, Upper Austria, Austria",1 version reference
764,Letter,7 March 1617,"Starhemberg, Erasmus von, 1575-1648","Eferding, Upper Austria, Austria","Kepler, Johannes, 1571-1630","Linz, Upper Austria, Austria",1 version reference
765,Letter,March 1617,"Kepler, Johannes, 1571-1630","Prague, Czech Republic","Matthias, Holy Roman Emperor, 1557-1619",,1 version reference
766,Letter,17 April 1617,"Kepler, Johannes, 1571-1630","Prague, Czech Republic","Roffeni, Giovanni Antonio, 1580-1643","Bologna, Emilia-Romagna, Italy",1 version reference
767,Letter,25 April 1617,"Schallenberg, Georg Christoph von, fl. 1638","Castle Leombach, Leombach, Upper Austria, Austria","Kepler, Johannes, 1571-1630","Linz, Upper Austria, Austria",1 version reference
768,Letter,28 April 1617,"Beyer, Johann Hartmann, 1563-1625","Frankfurt am Main, Hesse, Germany","Kepler, Johannes, 1571-1630","Prague, Czech Republic",1 version reference
769,Letter,1 May 1617,"Crusius, Florian, fl. 1609-1650","Strasbourg, Grand Est, France","Kepler, Johannes, 1571-1630","Linz, Upper Austria, Austria",1 version reference
770,Letter,9 June 1617,"Vicke, Nikolaus, fl. 1605","Prague, Czech Republic","Kepler, Johannes, 1571-1630","Linz, Upper Austria, Austria",1 version reference
771,Letter,9 July 1617,"Strauss, Johannes, fl. 1620","Tübingen, Baden-Württemberg, Germany","Kepler, Johannes, 1571-1630","Linz, Upper Austria, Austria",1 version reference
772,Letter,1 September 1617,"Kepler, Johannes, 1571-1630","Linz, Upper Austria, Austria","Württemberg, Johann Friedrich von, 1582-1628","Stuttgart, Baden-Württemberg, (Swabian Imperial Circle) Germany, (Holy Roman Empire)",1 version reference
773,Letter,27 September 1617,"Mingonius, Thomas, fl. 1608","Prague, Czech Republic","Kepler, Johannes, 1571-1630","Linz, Upper Austria, Austria",1 version reference
774,Letter,1 October 1617,"Kepler, Johannes, 1571-1630","Linz, Upper Austria, Austria","Bernegger, Matthias, 1582-1640","Strasbourg, Grand Est, France",1 version reference
775,Letter,31 October 1617,"Gringallet, Janus, 1591-1622","Linz, Upper Austria, Austria","Kepler, Johannes, 1571-1630","Bad Cannstatt, Baden-Württemberg, Germany",1 version reference
776,Letter,1 November 1617,"Mingonius, Thomas, fl. 1608","Prague, Czech Republic","Kepler, Johannes, 1571-1630","Linz, Upper Austria, Austria",1 version reference
777,Letter,14 November 1617,"Hebenstreit, Johann Baptist, 1580-1638","Ulm, Baden-Württemberg, Germany","Kepler, Johannes, 1571-1630","Tübingen, Baden-Württemberg, Germany",1 version reference
778,Letter,20 November 1617,"Gringallet, Janus, 1591-1622","Linz, Upper Austria, Austria","Kepler, Johannes, 1571-1630","Regensburg, Bavaria, Germany",1 version reference
779,Letter,November 1617,"Kepler, Johannes, 1571-1630","Stuttgart, Baden-Württemberg, (Swabian Imperial Circle) Germany, (Holy Roman Empire)","Württemberg, Johann Friedrich von, 1582-1628","Stuttgart, Baden-Württemberg, (Swabian Imperial Circle) Germany, (Holy Roman Empire)",1 version reference
780,Letter,30 November 1617,"Jessen, Johannes, 1566-1621","Prague, Czech Republic","Kepler, Johannes, 1571-1630","Linz, Upper Austria, Austria",1 version reference
781,Letter,30 December 1617,"Schickard, Wilhelm, 1592-1635","Nürtingen, Baden-Württemberg, Germany","Kepler, Johannes, 1571-1630","Linz, Upper Austria, Austria",1 version reference
782,Letter,1617,"Kepler, Johannes, 1571-1630","Linz, Upper Austria, Austria","Bernegger, Matthias, 1582-1640","Strasbourg, Grand Est, France",1 version reference
783,Letter,1617,"Kepler, Johannes, 1571-1630","Linz, Upper Austria, Austria","Mingonius, Thomas, fl. 1608","Prague, Czech Republic",1 version reference
784,Letter,4 January 1618,"Pisani, Ottavio, b.1575","Antwerp, Flanders, Belgium","Kepler, Johannes, 1571-1630","Linz, Upper Austria, Austria",1 version reference
785,Letter,31 January 1618,"Crusius, Florian, fl. 1609-1650","Strasbourg, Grand Est, France","Kepler, Johannes, 1571-1630","Linz, Upper Austria, Austria",1 version reference
786,Letter,4 February 1618,"Horst, Gregor, 1578-1636","Giessen, Hesse, Germany","Kepler, Johannes, 1571-1630","Linz, Upper Austria, Austria",1 version reference
787,Letter,20 February 1618,"Starhemberg, Erasmus von, 1575-1648","Eferding, Upper Austria, Austria","Kepler, Johannes, 1571-1630","Linz, Upper Austria, Austria",1 version reference
788,Letter,3 March 1618,"Kepler, Johannes, 1571-1630","Linz, Upper Austria, Austria","Schickard, Wilhelm, 1592-1635","Nürtingen, Baden-Württemberg, Germany",1 version reference
789,Letter,11 March 1618,"Kepler, Johannes, 1571-1630","Linz, Upper Austria, Austria","Schickard, Wilhelm, 1592-1635","Nürtingen, Baden-Württemberg, Germany",1 version reference
790,Letter,16 March 1618,"Kepler, Johannes, 1571-1630","Linz, Upper Austria, Austria","Guldin, Paul, 1577-1643","Graz, Styria, Austria",1 version reference
791,Letter,22 March 1618,"Schickard, Wilhelm, 1592-1635","Nürtingen, Baden-Württemberg, Germany","Kepler, Johannes, 1571-1630","Linz, Upper Austria, Austria",1 version reference
792,Letter,18 April 1618,"Kepler, Johannes, 1571-1630","Linz, Upper Austria, Austria","Pisani, Ottavio, b.1575","Antwerp, Flanders, Belgium",1 version reference
793,Letter,1 May 1618,"Pisani, Ottavio, b.1575","Antwerp, Flanders, Belgium","Kepler, Johannes, 1571-1630","Linz, Upper Austria, Austria",1 version reference
794,Letter,28 May 1618,"Gringallet, Janus, 1591-1622","Hirschbach, Lower Austria, Austria","Kepler, Johannes, 1571-1630","Linz, Upper Austria, Austria",1 version reference
795,Letter,31 May 1618,"Mingonius, Thomas, fl. 1608","Vienna, Wien, Austria","Kepler, Johannes, 1571-1630","Linz, Upper Austria, Austria",1 version reference
796,Letter,15 June 1618,"Mingonius, Thomas, fl. 1608","Vienna, Wien, Austria","Kepler, Johannes, 1571-1630","Linz, Upper Austria, Austria",1 version reference
797,Letter,6 July 1618,"Mingonius, Thomas, fl. 1608","Vienna, Wien, Austria","Kepler, Johannes, 1571-1630","Linz, Upper Austria, Austria",1 version reference
798,Letter,15 August 1618,"Mingonius, Thomas, fl. 1608","Vienna, Wien, Austria","Kepler, Johannes, 1571-1630","Linz, Upper Austria, Austria",1 version reference
799,Letter,16 August 1618,"Bianchi, Vincenzo, 1583-1637","Venice, Veneto, Italy","Kepler, Johannes, 1571-1630","Linz, Upper Austria, Austria",1 version reference
800,Letter,8 September 1618,"Medici, Giuliano de', fl. 1610-1611","Vienna, Wien, Austria","Kepler, Johannes, 1571-1630","Linz, Upper Austria, Austria",1 version reference
801,Letter,13 September 1618,"Schleiffer, Ludwig, fl. 1619","Vienna, Wien, Austria","Kepler, Johannes, 1571-1630","Linz, Upper Austria, Austria",1 version reference
802,Letter,20 September 1618,"Besold, Christoph, 1577-1638","Tübingen, Baden-Württemberg, Germany","Kepler, Johannes, 1571-1630","Linz, Upper Austria, Austria",1 version reference
803,Letter,11 October 1618,"Hebenstreit, Johann Baptist, 1580-1638","Ulm, Baden-Württemberg, Germany","Kepler, Johannes, 1571-1630","Linz, Upper Austria, Austria",1 version reference
804,Letter,20 October 1618,"Quietanus, Johannes Remus, 1588-1654","Vienna, Wien, Austria","Kepler, Johannes, 1571-1630","Linz, Upper Austria, Austria",1 version reference
805,Letter,25 October 1618,"Schickard, Wilhelm, 1592-1635","Nürtingen, Baden-Württemberg, Germany","Kepler, Johannes, 1571-1630","Linz, Upper Austria, Austria",1 version reference
806,Letter,3 November 1618,"Besold, Christoph, 1577-1638","Tübingen, Baden-Württemberg, Germany","Kepler, Johannes, 1571-1630","Linz, Upper Austria, Austria",1 version reference
807,Letter,5 November 1618,"Mingonius, Thomas, fl. 1608","Vienna, Wien, Austria","Kepler, Johannes, 1571-1630","Linz, Upper Austria, Austria",1 version reference
808,Letter,5 November 1618,"Schleiffer, Ludwig, fl. 1619","Vienna, Wien, Austria","Kepler, Johannes, 1571-1630","Linz, Upper Austria, Austria",1 version reference
809,Letter,8 November 1618,"Medici, Giuliano de', fl. 1610-1611","Vienna, Wien, Austria","Kepler, Johannes, 1571-1630","Linz, Upper Austria, Austria",1 version reference
810,Letter,19 November 1618,"Strauss, Johannes, fl. 1620","Tübingen, Baden-Württemberg, Germany","Kepler, Johannes, 1571-1630","Linz, Upper Austria, Austria",1 version reference
811,Letter,21 November 1618,"Hebenstreit, Johann Baptist, 1580-1638","Ulm, Baden-Württemberg, Germany","Kepler, Johannes, 1571-1630","Linz, Upper Austria, Austria",1 version reference
812,Letter,28 November 1618,"Kepler, Johannes, 1571-1630","Linz, Upper Austria, Austria","Hafenreffer, Matthias, 1561-1619","Tübingen, Baden-Württemberg, Germany",1 version reference
813,Letter,30 November 1618,"Kepler, Johannes, 1571-1630","Linz, Upper Austria, Austria","Bianchi, Vincenzo, 1583-1637","Venice, Veneto, Italy",1 version reference
814,Letter,1 December 1618,"Kepler, Johannes, 1571-1630","Linz, Upper Austria, Austria","Quietanus, Johannes Remus, 1588-1654","Vienna, Wien, Austria",1 version reference
815,Letter,1 December 1618,"Quietanus, Johannes Remus, 1588-1654","Rottenmann, Styria, Austria","Guldin, Paul, 1577-1643","Graz, Styria, Austria",1 version reference
816,Letter,3 December 1618,"Kepler, Johannes, 1571-1630","Linz, Upper Austria, Austria","Mästlin, Michael, 1550-1631","Tübingen, Baden-Württemberg, Germany",1 version reference
817,Letter,6 December 1618,"Rechberger, Wilhelm, b.1593","Vienna, Wien, Austria","Kepler, Johannes, 1571-1630","Linz, Upper Austria, Austria",1 version reference
818,Letter,13 December 1618,"Jörger von Tollet, Helmhard, 1572-1631","Vienna, Wien, Austria","Kepler, Johannes, 1571-1630","Linz, Upper Austria, Austria",1 version reference
819,Letter,27 December 1618,"Schickard, Wilhelm, 1592-1635","Nürtingen, Baden-Württemberg, Germany","Kepler, Johannes, 1571-1630","Linz, Upper Austria, Austria",1 version reference
820,Letter,1618,"Kepler, Johannes, 1571-1630","Linz, Upper Austria, Austria","Wacker von Wackenfels, Joannes Matthaeus, 1550-1619",,1 version reference
821,Letter,1618,"Kepler, Johannes, 1571-1630","Linz, Upper Austria, Austria",Unknown,,1 version reference
822,Letter,1618,"Kepler, Johannes, 1571-1630","Linz, Upper Austria, Austria","Southern Austrian Estates, fl. 1618",,1 version reference
823,Letter,1 January 1619,"Besold, Christoph, 1577-1638","Tübingen, Baden-Württemberg, Germany","Kepler, Johannes, 1571-1630","Linz, Upper Austria, Austria",1 version reference
824,Letter,10 January 1619,"Mingonius, Thomas, fl. 1608","Vienna, Wien, Austria","Kepler, Johannes, 1571-1630","Linz, Upper Austria, Austria",1 version reference
825,Letter,13 January 1619,"Crusius, Florian, fl. 1609-1650","Castle Rastenberg, Rastenfeld, Lower Austria, Austria","Kepler, Johannes, 1571-1630","Linz, Upper Austria, Austria",1 version reference
826,Letter,13 January 1619,"Lehner, Johannes, fl. 1619","Steyr, Upper Austria, Austria","Kepler, Johannes, 1571-1630","Linz, Upper Austria, Austria",1 version reference
827,Letter,20 January 1619,"Bianchi, Vincenzo, 1583-1637","Venice, Veneto, Italy","Kepler, Johannes, 1571-1630","Linz, Upper Austria, Austria",1 version reference
828,Letter,1 February 1619,"Bianchi, Vincenzo, 1583-1637","Venice, Veneto, Italy","Kepler, Johannes, 1571-1630","Linz, Upper Austria, Austria",1 version reference
829,Letter,17 February 1619,"Kepler, Johannes, 1571-1630","Linz, Upper Austria, Austria","Bianchi, Vincenzo, 1583-1637","Venice, Veneto, Italy",1 version reference
830,Letter,17 February 1619,"Hafenreffer, Matthias, 1561-1619","Tübingen, Baden-Württemberg, Germany","Kepler, Johannes, 1571-1630","Linz, Upper Austria, Austria",1 version reference
831,Letter,23 February 1619,"Crusius, Florian, fl. 1609-1650","Loschberg, Waldhausen, Lower Austria, Austria","Kepler, Johannes, 1571-1630","Linz, Upper Austria, Austria",1 version reference
832,Letter,28 February 1619,"Hebenstreit, Johann Baptist, 1580-1638","Ulm, Baden-Württemberg, Germany","Kepler, Johannes, 1571-1630","Linz, Upper Austria, Austria",1 version reference
833,Letter,11 March 1619,"Kepler, Johannes, 1571-1630","Linz, Upper Austria, Austria","Crüger, Peter, 1580-1639","Gdańsk, Pomeranian Voivodeship, Poland",1 version reference
834,Letter,13 March 1619,"Barbavara, Ludovico, b.1575","Milan, Lombardy, Italy","Kepler, Johannes, 1571-1630","Linz, Upper Austria, Austria",1 version reference
835,Letter,13 March 1619,"Quietanus, Johannes Remus, 1588-1654","Innsbruck, Tyrol, Austria, (Holy Roman Empire)","Kepler, Johannes, 1571-1630","Linz, Upper Austria, Austria",1 version reference
836,Letter,14 March 1619,"Bianchi, Vincenzo, 1583-1637","Venice, Veneto, Italy","Kepler, Johannes, 1571-1630","Linz, Upper Austria, Austria",1 version reference
837,Letter,11 April 1619,"Kepler, Johannes, 1571-1630","Linz, Upper Austria, Austria","Hafenreffer, Matthias, 1561-1619","Tübingen, Baden-Württemberg, Germany",1 version reference
838,Letter,14 April 1619,"Kepler, Johannes, 1571-1630","Linz, Upper Austria, Austria","Bianchi, Vincenzo, 1583-1637","Venice, Veneto, Italy",1 version reference
839,Letter,25 April 1619,"Besold, Christoph, 1577-1638","Tübingen, Baden-Württemberg, Germany","Kepler, Johannes, 1571-1630","Linz, Upper Austria, Austria",1 version reference
840,Letter,7 May 1619,"Hebenstreit, Johann Baptist, 1580-1638","Ulm, Baden-Württemberg, Germany","Kepler, Johannes, 1571-1630","Linz, Upper Austria, Austria",1 version reference
841,Letter,12 May 1619,"Lantz, Johann, 1564-1638","Munich, Bavaria, Germany","Cysat, Johann Baptist, 1587-1657","Ingolstadt, Bavaria, Germany, (Holy Roman Empire)",1 version reference
842,Letter,16 June 1619,"Lantz, Johann, 1564-1638","Munich, Bavaria, Germany","Cysat, Johann Baptist, 1587-1657","Ingolstadt, Bavaria, Germany, (Holy Roman Empire)",1 version reference
843,Letter,20 June 1619,"Besold, Christoph, 1577-1638","Tübingen, Baden-Württemberg, Germany","Kepler, Johannes, 1571-1630","Linz, Upper Austria, Austria",1 version reference
844,Letter,25 June 1619,"Besold, Christoph, 1577-1638","Tübingen, Baden-Württemberg, Germany","Kepler, Johannes, 1571-1630","Linz, Upper Austria, Austria",1 version reference
845,Letter,1 July 1619,"Grüninger, Erasmus, 1566-1631","Stuttgart, Baden-Württemberg, (Swabian Imperial Circle) Germany, (Holy Roman Empire)","Osiander, Lucas II, 1571-1638","Tübingen, Baden-Württemberg, Germany",1 version reference
846,Letter,13 July 1619,"Enenkel, Job Hartmann von, 1576-1627","Vienna, Wien, Austria","Kepler, Johannes, 1571-1630","Linz, Upper Austria, Austria",1 version reference
847,Letter,23 July 1619,"Quietanus, Johannes Remus, 1588-1654","Vienna, Wien, Austria","Kepler, Johannes, 1571-1630","Linz, Upper Austria, Austria",1 version reference
848,Letter,31 July 1619,"Hafenreffer, Matthias, 1561-1619","Bad Teinach-Zavelstein, Baden-Württemberg, Germany","Kepler, Johannes, 1571-1630","Linz, Upper Austria, Austria",1 version reference
849,Letter,4 August 1619,"Kepler, Johannes, 1571-1630","Linz, Upper Austria, Austria","Quietanus, Johannes Remus, 1588-1654","Vienna, Wien, Austria",1 version reference
850,Letter,13 August 1619,"Quietanus, Johannes Remus, 1588-1654","Vienna, Wien, Austria","Kepler, Johannes, 1571-1630","Linz, Upper Austria, Austria",1 version reference
851,Letter,31 August 1619,"Kepler, Johannes, 1571-1630","Linz, Upper Austria, Austria","Quietanus, Johannes Remus, 1588-1654","Vienna, Wien, Austria",1 version reference
852,Letter,14 September 1619,"Schallenberg, Georg Christoph von, fl. 1638","Castle Leombach, Leombach, Upper Austria, Austria","Kepler, Johannes, 1571-1630","Linz, Upper Austria, Austria",1 version reference
853,Letter,4 October 1619,"Quietanus, Johannes Remus, 1588-1654","Vienna, Wien, Austria","Kepler, Johannes, 1571-1630","Linz, Upper Austria, Austria",1 version reference
854,Letter,6 October 1619,"Hebenstreit, Johann Baptist, 1580-1638","Ulm, Baden-Württemberg, Germany","Kepler, Johannes, 1571-1630","Linz, Upper Austria, Austria",1 version reference
855,Letter,11 October 1619,"Barbavara, Ludovico, b.1575","Milan, Lombardy, Italy","Kepler, Johannes, 1571-1630","Linz, Upper Austria, Austria",1 version reference
856,Letter,11 October 1619,"Quietanus, Johannes Remus, 1588-1654","Vienna, Wien, Austria","Kepler, Johannes, 1571-1630","Linz, Upper Austria, Austria",1 version reference
857,Letter,13 October 1619,"Crusius, Florian, fl. 1609-1650","Castle Rastenberg, Rastenfeld, Lower Austria, Austria","Kepler, Johannes, 1571-1630","Linz, Upper Austria, Austria",1 version reference
858,Letter,26 October 1619,"Quietanus, Johannes Remus, 1588-1654","Vienna, Wien, Austria","Kepler, Johannes, 1571-1630","Linz, Upper Austria, Austria",1 version reference
859,Letter,October 1619,"Kepler, Johannes, 1571-1630","Linz, Upper Austria, Austria","Quietanus, Johannes Remus, 1588-1654","Vienna, Wien, Austria",1 version reference
860,Letter,1619,"Schallenberg, Georg Christoph von, fl. 1638",,"Kepler, Johannes, 1571-1630","Linz, Upper Austria, Austria",1 version reference
861,Letter,1619,"Schallenberg, Georg Christoph von, fl. 1638",,"Kepler, Johannes, 1571-1630","Linz, Upper Austria, Austria",1 version reference
862,Letter,1 January 1620,"Bianchi, Vincenzo, 1583-1637","Venice, Veneto, Italy","Kepler, Johannes, 1571-1630","Linz, Upper Austria, Austria",1 version reference
863,Letter,13 January 1620,"Kepler, Johannes, 1571-1630","Linz, Upper Austria, Austria","Bianchi, Vincenzo, 1583-1637","Venice, Veneto, Italy",1 version reference
864,Letter,31 January 1620,"Vicke, Nikolaus, fl. 1605",,"Kepler, Johannes, 1571-1630","Linz, Upper Austria, Austria",1 version reference
865,Letter,1 February 1620,"Hebenstreit, Johann Baptist, 1580-1638","Ulm, Baden-Württemberg, Germany","Kepler, Johannes, 1571-1630","Linz, Upper Austria, Austria",1 version reference
866,Letter,4 February 1620,"Gringallet, Janus, 1591-1622","Brno, South Moravia, Czech Republic","Kepler, Johannes, 1571-1630","Linz, Upper Austria, Austria",1 version reference
867,Letter,15 February 1620,"Gringallet, Janus, 1591-1622","Brno, South Moravia, Czech Republic","Kepler, Johannes, 1571-1630","Linz, Upper Austria, Austria",1 version reference
868,Letter,19 February 1620,"Schickard, Wilhelm, 1592-1635","Tübingen, Baden-Württemberg, Germany","Kepler, Johannes, 1571-1630","Linz, Upper Austria, Austria",1 version reference
869,Letter,20 February 1620,"Schickard, Wilhelm, 1592-1635","Tübingen, Baden-Württemberg, Germany","Bernegger, Matthias, 1582-1640","Strasbourg, Grand Est, France",1 version reference
870,Letter,29 February 1620,"Vicke, Nikolaus, fl. 1605","Horn, (West Frisia) Limburg, Netherlands","Kepler, Johannes, 1571-1630","Linz, Upper Austria, Austria",1 version reference
871,Letter,2 March 1620,"Mästlin, Michael, 1550-1631","Tübingen, Baden-Württemberg, Germany","Kepler, Johannes, 1571-1630","Linz, Upper Austria, Austria",1 version reference
872,Letter,2 March 1620,"Schickard, Wilhelm, 1592-1635","Tübingen, Baden-Württemberg, Germany","Kepler, Johannes, 1571-1630","Linz, Upper Austria, Austria",1 version reference
873,Letter,11 March 1620,"Besold, Christoph, 1577-1638","Tübingen, Baden-Württemberg, Germany","Kepler, Johannes, 1571-1630","Linz, Upper Austria, Austria",1 version reference
874,Letter,20 March 1620,"Kepler, Johannes, 1571-1630","Linz, Upper Austria, Austria","Tengnagel, Sebastian, 1573-1636","Vienna, Wien, Austria",1 version reference
875,Letter,17 April 1620,"Crüger, Peter, 1580-1639","Gdańsk, Pomeranian Voivodeship, Poland","Müller, Philip, 1585-1659","Leipzig, Saxony, Germany",1 version reference
876,Letter,30 April 1620,"Kepler, Johannes, 1571-1630","Linz, Upper Austria, Austria","Augsburg, Senate of","Augsburg, Bavaria, Germany",1 version reference
877,Letter,30 April 1620,"Kepler, Johannes, 1571-1630","Linz, Upper Austria, Austria","Regensburg, Senate of, fl. 1620","Regensburg, Bavaria, Germany",1 version reference
878,Letter,7 May 1620,"Hebenstreit, Johann Baptist, 1580-1638","Ulm, Baden-Württemberg, Germany","Kepler, Johannes, 1571-1630","Linz, Upper Austria, Austria",1 version reference
879,Letter,13 May 1620,"Hebenstreit, Johann Baptist, 1580-1638","Ulm, Baden-Württemberg, Germany","Kepler, Johannes, 1571-1630","Linz, Upper Austria, Austria",1 version reference
880,Letter,18 May 1620,"Tengnagel, Sebastian, 1573-1636","Vienna, Wien, Austria","Kepler, Johannes, 1571-1630","Linz, Upper Austria, Austria",1 version reference
881,Letter,28 May 1620,"Kepler, Johannes, 1571-1630","Linz, Upper Austria, Austria","Mästlin, Michael, 1550-1631","Tübingen, Baden-Württemberg, Germany",1 version reference
882,Letter,3 June 1620,"Nuremberg, Senate of, fl. 1655","Nuremberg, Bavaria, Germany","Kepler, Johannes, 1571-1630","Linz, Upper Austria, Austria",1 version reference
883,Letter,15 June 1620,"Schallenberg, Georg Christoph von, fl. 1638","Castle Leombach, Leombach, Upper Austria, Austria","Kepler, Johannes, 1571-1630","Linz, Upper Austria, Austria",1 version reference
884,Letter,20 June 1620,"Quietanus, Johannes Remus, 1588-1654","Saverne, Grand Est, France","Kepler, Johannes, 1571-1630","Linz, Upper Austria, Austria",1 version reference
885,Letter,4 July 1620,"Gringallet, Janus, 1591-1622","Wesenufer, Upper Austria, Austria","Kepler, Johannes, 1571-1630","Linz, Upper Austria, Austria",1 version reference
886,Letter,21 July 1620,"Schickard, Wilhelm, 1592-1635","Tübingen, Baden-Württemberg, Germany","Kepler, Johannes, 1571-1630","Linz, Upper Austria, Austria",1 version reference
887,Letter,12 August 1620,"Hebenstreit, Johann Baptist, 1580-1638","Ulm, Baden-Württemberg, Germany","Kepler, Johannes, 1571-1630","Linz, Upper Austria, Austria",1 version reference
888,Letter,29 August 1620,"Kepler, Johannes, 1571-1630","Linz, Upper Austria, Austria","Bernegger, Matthias, 1582-1640","Strasbourg, Grand Est, France",1 version reference
889,Letter,1 August 1620 - 31 August 1620,"Kepler, Johannes, 1571-1630","Linz, Upper Austria, Austria","Württemberg, Friedrich I von, 1557-1608",,1 version reference
890,Letter,23 September 1620,"Hebenstreit, Johann Baptist, 1580-1638","Ulm, Baden-Württemberg, Germany","Kepler, Johannes, 1571-1630",,1 version reference
891,Letter,25 September 1620,"Kepler, Johannes, 1571-1630","Ingolstadt, Bavaria, Germany, (Holy Roman Empire)","Bernegger, Matthias, 1582-1640","Strasbourg, Grand Est, France",1 version reference
892,Letter,28 September 1620,"Gringallet, Janus, 1591-1622","Augsburg, Bavaria, Germany","Kepler, Johannes, 1571-1630","Ingolstadt, Bavaria, Germany, (Holy Roman Empire)",1 version reference
893,Letter,12 October 1620,"Gringallet, Janus, 1591-1622","Strasbourg, Grand Est, France","Kepler, Johannes, 1571-1630",,1 version reference
894,Letter,25 October 1620,"Hebenstreit, Georg, fl. 1620","Esslingen, Baden-Württemberg, Germany","Kepler, Johannes, 1571-1630","Güglingen, Baden-Württemberg, Germany",1 version reference
895,Letter,25 October 1620,"Schickard, Wilhelm, 1592-1635","Tübingen, Baden-Württemberg, Germany","Kepler, Johannes, 1571-1630","Stuttgart, Baden-Württemberg, (Swabian Imperial Circle) Germany, (Holy Roman Empire)",1 version reference
896,Letter,28 October 1620,"Hebenstreit, Johann Baptist, 1580-1638","Ulm, Baden-Württemberg, Germany","Kepler, Johannes, 1571-1630","Stuttgart, Baden-Württemberg, (Swabian Imperial Circle) Germany, (Holy Roman Empire)",1 version reference
897,Letter,October 1620,"Kepler, Johannes, 1571-1630","Güglingen, Baden-Württemberg, Germany","Württemberg, Friedrich I von, 1557-1608",,1 version reference
898,Letter,13 November 1620,"Schickard, Wilhelm, 1592-1635","Tübingen, Baden-Württemberg, Germany","Kepler, Johannes, 1571-1630","Güglingen, Baden-Württemberg, Germany",1 version reference
899,Letter,15 November 1620,"Hebenstreit, Johann Baptist, 1580-1638","Ulm, Baden-Württemberg, Germany","Kepler, Johannes, 1571-1630","Güglingen, Baden-Württemberg, Germany",1 version reference
900,Letter,29 November 1620,"Schickard, Wilhelm, 1592-1635","Tübingen, Baden-Württemberg, Germany","Kepler, Johannes, 1571-1630","Linz, Upper Austria, Austria",1 version reference
901,Letter,November 1620,"Kepler, Johannes, 1571-1630","Güglingen, Baden-Württemberg, Germany","Württemberg, Johann Friedrich von, 1582-1628",,1 version reference
902,Letter,November 1620,"Kepler, Johannes, 1571-1630","Güglingen, Baden-Württemberg, Germany","Württemberg, Johann Friedrich von, 1582-1628",,1 version reference
903,Letter,15 December 1620,"Hebenstreit, Georg, fl. 1620","Esslingen, Baden-Württemberg, Germany","Kepler, Johannes, 1571-1630",,1 version reference
904,Letter,1620,"Kepler, Johannes, 1571-1630","Linz, Upper Austria, Austria","Jörger von Tollet, Helmhard, 1572-1631","Vienna, Wien, Austria",1 version reference
905,Letter,1620,"Kepler, Johannes, 1571-1630","Linz, Upper Austria, Austria","Nuremberg, Senate of, fl. 1655","Nuremberg, Bavaria, Germany",1 version reference
906,Letter,1620,"Kepler, Johannes, 1571-1630","Linz, Upper Austria, Austria","Württemberg, Johann Friedrich von, 1582-1628","Stuttgart, Baden-Württemberg, (Swabian Imperial Circle) Germany, (Holy Roman Empire)",1 version reference
907,Letter,1620,"Kepler, Johannes, 1571-1630","Linz, Upper Austria, Austria","Guldin, Paul, 1577-1643","Graz, Styria, Austria",1 version reference
908,Letter,1620,"Wotton, Henry (Sir), 1568-1639",,"Bacon, Francis, 1561-1626",,1 version reference
909,Letter,1620,"Hebenstreit, Georg, fl. 1620","Esslingen, Baden-Württemberg, Germany","Kepler, Johannes, 1571-1630",,1 version reference
910,Letter,1 January 1621,"Pasino, Pacius, fl. 1621","Vicenza, Veneto, Italy","Kepler, Johannes, 1571-1630","Regensburg, Bavaria, Germany",1 version reference
911,Letter,15 February 1621,"Kepler, Johannes, 1571-1630","Regensburg, Bavaria, Germany","Bernegger, Matthias, 1582-1640","Strasbourg, Grand Est, France",1 version reference
912,Letter,23 February 1621,"Cysat, Johann Baptist, 1587-1657","Ingolstadt, Bavaria, Germany, (Holy Roman Empire)","Kepler, Johannes, 1571-1630",,1 version reference
913,Letter,5 March 1621,"Hebenstreit, Johann Baptist, 1580-1638","Ulm, Baden-Württemberg, Germany","Kepler, Johannes, 1571-1630","Regensburg, Bavaria, Germany",1 version reference
914,Letter,20 April 1621,"Hebenstreit, Johann Baptist, 1580-1638","Ulm, Baden-Württemberg, Germany","Kepler, Johannes, 1571-1630","Tübingen, Baden-Württemberg, Germany",1 version reference
915,Letter,2 May 1621,"Schickard, Wilhelm, 1592-1635","Tübingen, Baden-Württemberg, Germany","Bernegger, Matthias, 1582-1640","Strasbourg, Grand Est, France",1 version reference
916,Letter,15 May 1621,"Crusius, Florian, fl. 1609-1650","Geneva, Geneva, Switzerland","Kepler, Johannes, 1571-1630","Regensburg, Bavaria, Germany",1 version reference
917,Letter,31 May 1621,"Kepler, Johannes, 1571-1630","Tübingen, Baden-Württemberg, Germany","Bernegger, Matthias, 1582-1640","Strasbourg, Grand Est, France",1 version reference
918,Letter,May 1621,"Kepler, Johannes, 1571-1630","Stuttgart, Baden-Württemberg, (Swabian Imperial Circle) Germany, (Holy Roman Empire)","Württemberg, Johann Friedrich von, 1582-1628",,1 version reference
919,Letter,10 June 1621,"Kepler, Johannes, 1571-1630","Stuttgart, Baden-Württemberg, (Swabian Imperial Circle) Germany, (Holy Roman Empire)","Württemberg, Johann Friedrich von, 1582-1628",,1 version reference
920,Letter,11 July 1621,"Schickard, Wilhelm, 1592-1635","Tübingen, Baden-Württemberg, Germany","Bernegger, Matthias, 1582-1640","Strasbourg, Grand Est, France",1 version reference
921,Letter,21 August 1621,"Kepler, Johannes, 1571-1630",,"Bernegger, Matthias, 1582-1640","Strasbourg, Grand Est, France",1 version reference
922,Letter,3 November 1621,"Kepler, Johannes, 1571-1630","Regensburg, Bavaria, Germany","Origanus, David, 1558-1629","Frankfurt (Oder), Brandenburg, Germany",1 version reference
923,Letter,15 November 1621,"Crusius, Florian, fl. 1609-1650","Strasbourg, Grand Est, France","Kepler, Johannes, 1571-1630","Linz, Upper Austria, Austria",1 version reference
924,Letter,19 November 1621,"Württemberg, Johann Friedrich von, 1582-1628","Stuttgart, Baden-Württemberg, (Swabian Imperial Circle) Germany, (Holy Roman Empire)","Kepler, Johannes, 1571-1630","Linz, Upper Austria, Austria",1 version reference
925,Letter,11 December 1621,"Württemberg-Weiltingen, Julius Friedrich von (Herzog), 1588-1635",,"Kepler, Johannes, 1571-1630","Linz, Upper Austria, Austria",1 version reference
926,Letter,20 December 1621,"Kepler, Johannes, 1571-1630","Linz, Upper Austria, Austria","Tengnagel, Frans Gansneb, 1576-1622","Passau, Lower Bavaria, Germany",1 version reference
927,Letter,25 December 1621,"Schickard, Wilhelm, 1592-1635","Tübingen, Baden-Württemberg, Germany","Bernegger, Matthias, 1582-1640","Strasbourg, Grand Est, France",1 version reference
928,Letter,19 March 1622,"Hebenstreit, Johann Baptist, 1580-1638","Ulm, Baden-Württemberg, Germany","Kepler, Johannes, 1571-1630","Linz, Upper Austria, Austria",1 version reference
929,Letter,23 March 1622,"Hebenstreit, Johann Baptist, 1580-1638","Ulm, Baden-Württemberg, Germany","Kepler, Johannes, 1571-1630","Linz, Upper Austria, Austria",1 version reference
930,Letter,7 April 1622,"Hebenstreit, Johann Baptist, 1580-1638","Ulm, Baden-Württemberg, Germany","Kepler, Johannes, 1571-1630","Linz, Upper Austria, Austria",1 version reference
931,Letter,21 April 1622,"Kepler, Johannes, 1571-1630","Linz, Upper Austria, Austria","Tengnagel, Sebastian, 1573-1636","Vienna, Wien, Austria",1 version reference
932,Letter,10 May 1622,"Kepler, Johannes, 1571-1630","Linz, Upper Austria, Austria","Tengnagel, Sebastian, 1573-1636","Vienna, Wien, Austria",1 version reference
933,Letter,27 May 1622,"Kepler, Johannes, 1571-1630","Linz, Upper Austria, Austria","Oberndorffer, Johann, 1549-1625","Regensburg, Bavaria, Germany",1 version reference
934,Letter,2 June 1622,"Hebenstreit, Johann Baptist, 1580-1638","Ulm, Baden-Württemberg, Germany","Kepler, Johannes, 1571-1630","Linz, Upper Austria, Austria",1 version reference
935,Letter,1 July 1622,"Crüger, Peter, 1580-1639","Gdańsk, Pomeranian Voivodeship, Poland","Müller, Philip, 1585-1659","Leipzig, Saxony, Germany",1 version reference
936,Letter,15 July 1622,"Kepler, Johannes, 1571-1630","Linz, Upper Austria, Austria","Seussius, Johannes, fl. 1608","Dresden, Saxony, Germany",1 version reference
937,Letter,29 July 1622,"Besold, Christoph, 1577-1638","Tübingen, Baden-Württemberg, Germany","Kepler, Johannes, 1571-1630","Linz, Upper Austria, Austria",1 version reference
938,Letter,3 August 1622,"Müller, Philip, 1585-1659","Leipzig, Saxony, Germany","Kepler, Johannes, 1571-1630","Linz, Upper Austria, Austria",1 version reference
939,Letter,9 August 1622,"Crüger, Peter, 1580-1639","Gdańsk, Pomeranian Voivodeship, Poland","Müller, Philip, 1585-1659","Leipzig, Saxony, Germany",1 version reference
940,Letter,7 September 1622,"Hebenstreit, Johann Baptist, 1580-1638","Ulm, Baden-Württemberg, Germany","Kepler, Johannes, 1571-1630","Linz, Upper Austria, Austria",1 version reference
941,Letter,September 1622,"Kepler, Johannes, 1571-1630","Linz, Upper Austria, Austria","Müller, Philip, 1585-1659","Leipzig, Saxony, Germany",1 version reference
942,Letter,September 1622,"Besold, Christoph, 1577-1638","Tübingen, Baden-Württemberg, Germany","Kepler, Johannes, 1571-1630","Linz, Upper Austria, Austria",1 version reference
943,Letter,18 October 1622,"Hebenstreit, Johann Baptist, 1580-1638","Ulm, Baden-Württemberg, Germany","Kepler, Johannes, 1571-1630",,1 version reference
944,Letter,9 November 1622,"Hebenstreit, Johann Baptist, 1580-1638","Ulm, Baden-Württemberg, Germany","Kepler, Johannes, 1571-1630","Linz, Upper Austria, Austria",1 version reference
945,Letter,29 December 1622,"Rüttel, Friedrich, 1579-1634","Stuttgart, Baden-Württemberg, (Swabian Imperial Circle) Germany, (Holy Roman Empire)","Kepler, Johannes, 1571-1630","Linz, Upper Austria, Austria",1 version reference
946,Letter,2 April 1623,"Schickard, Wilhelm, 1592-1635","Tübingen, Baden-Württemberg, Germany","Kepler, Johannes, 1571-1630","Linz, Upper Austria, Austria",1 version reference
947,Letter,7 April 1623,"Hebenstreit, Johann Baptist, 1580-1638","Ulm, Baden-Württemberg, Germany","Kepler, Johannes, 1571-1630","Linz, Upper Austria, Austria",1 version reference
948,Letter,12 April 1623,"Besold, Christoph, 1577-1638","Tübingen, Baden-Württemberg, Germany","Kepler, Johannes, 1571-1630","Linz, Upper Austria, Austria",1 version reference
949,Letter,15 April 1623,"Crüger, Peter, 1580-1639","Gdańsk, Pomeranian Voivodeship, Poland","Müller, Philip, 1585-1659","Leipzig, Saxony, Germany",1 version reference
950,Letter,22 April 1623,"Crüger, Peter, 1580-1639","Gdańsk, Pomeranian Voivodeship, Poland","Kepler, Johannes, 1571-1630","Linz, Upper Austria, Austria",1 version reference
951,Letter,11 May 1623,"Lansius, Thomas, 1577-1657","Tübingen, Baden-Württemberg, Germany","Kepler, Johannes, 1571-1630","Linz, Upper Austria, Austria",1 version reference
952,Letter,26 May 1623,"Hebenstreit, Johann Baptist, 1580-1638","Ulm, Baden-Württemberg, Germany","Kepler, Johannes, 1571-1630","Linz, Upper Austria, Austria",1 version reference
953,Letter,1 June 1623,"Kepler, Johannes, 1571-1630","Wels, Upper Austria, Austria","Widmar, Wolf, fl. 1623","Castle Leombach, Leombach, Upper Austria, Austria",1 version reference
954,Letter,10 June 1623,"Schickard, Wilhelm, 1592-1635","Tübingen, Baden-Württemberg, Germany","Kepler, Johannes, 1571-1630","Linz, Upper Austria, Austria",1 version reference
955,Letter,June 1623,"Hessen-Butzbach, Philipp III von, 1581-1643","Butzbach, Hesse, Germany, (Holy Roman Empire)","Kepler, Johannes, 1571-1630","Linz, Upper Austria, Austria",1 version reference
956,Letter,15 July 1623,"Kepler, Johannes, 1571-1630","Linz, Upper Austria, Austria","Crüger, Peter, 1580-1639","Gdańsk, Pomeranian Voivodeship, Poland",1 version reference
957,Letter,23 July 1623,"Rüttel, Friedrich, 1579-1634","Stuttgart, Baden-Württemberg, (Swabian Imperial Circle) Germany, (Holy Roman Empire)","Kepler, Johannes, 1571-1630","Linz, Upper Austria, Austria",1 version reference
958,Letter,11 August 1623,"Crüger, Peter, 1580-1639","Gdańsk, Pomeranian Voivodeship, Poland","Kepler, Johannes, 1571-1630","Leipzig, Saxony, Germany",1 version reference
959,Letter,21 August 1623,"Kepler, Johannes, 1571-1630","Linz, Upper Austria, Austria","Bernegger, Matthias, 1582-1640","Strasbourg, Grand Est, France",1 version reference
960,Letter,24 August 1623,"Odontius, Johann Caspar, 1580-1626","Altdorf, Bavaria, Germany","Kepler, Johannes, 1571-1630","Linz, Upper Austria, Austria",1 version reference
961,Letter,20 September 1623,"Schickard, Wilhelm, 1592-1635","Tübingen, Baden-Württemberg, Germany","Kepler, Johannes, 1571-1630","Linz, Upper Austria, Austria",1 version reference
962,Letter,23 September 1623,"Bernegger, Matthias, 1582-1640","Strasbourg, Grand Est, France","Kepler, Johannes, 1571-1630","Linz, Upper Austria, Austria",1 version reference
963,Letter,25 September 1623,"Crüger, Peter, 1580-1639","Gdańsk, Pomeranian Voivodeship, Poland","Kepler, Johannes, 1571-1630","Linz, Upper Austria, Austria",1 version reference
964,Letter,4 December 1623,"Kepler, Johannes, 1571-1630","Linz, Upper Austria, Austria","Bernegger, Matthias, 1582-1640","Strasbourg, Grand Est, France",1 version reference
965,Letter,4 December 1623,"Kepler, Johannes, 1571-1630","Linz, Upper Austria, Austria","Gunter, Edmund, 1581-1626","London, England, United Kingdom",1 version reference
966,Letter,7 December 1623,"Rüttel, Friedrich, 1579-1634","Stuttgart, Baden-Württemberg, (Swabian Imperial Circle) Germany, (Holy Roman Empire)","Kepler, Johannes, 1571-1630","Linz, Upper Austria, Austria",1 version reference
967,Letter,10 December 1623,"Hohenfelder, Ludwig von, 1576-1644","Schloss Weidenholz, Weidenholz, Upper Austria, Austria","Kepler, Johannes, 1571-1630","Linz, Upper Austria, Austria",1 version reference
968,Letter,26 December 1623,"Enenkel, Job Hartmann von, 1576-1627","Vienna, Wien, Austria","Kepler, Johannes, 1571-1630","Linz, Upper Austria, Austria",1 version reference
969,Letter,1623,"Widmar, Wolf, fl. 1623",,"Kepler, Johannes, 1571-1630","Wels, Upper Austria, Austria",1 version reference
970,Letter,December 1623,"Kepler, Johannes, 1571-1630","Linz, Upper Austria, Austria","Hessen-Butzbach, Philipp III von, 1581-1643",,1 version reference
971,Letter,1623,"Kepler, Johannes, 1571-1630","Linz, Upper Austria, Austria","Guldin, Paul, 1577-1643","Graz, Styria, Austria",1 version reference
972,Letter,7 January 1624,"Ursinus, Benjamin, 1587-1633","Berlin, Berlin, Germany","Kepler, Johannes, 1571-1630","Linz, Upper Austria, Austria",1 version reference
973,Letter,14 February 1624,"Bernegger, Matthias, 1582-1640","Strasbourg, Grand Est, France","Kepler, Johannes, 1571-1630","Linz, Upper Austria, Austria",1 version reference
974,Letter,18 February 1624,"Kepler, Johannes, 1571-1630","Linz, Upper Austria, Austria","Crüger, Peter, 1580-1639","Gdańsk, Pomeranian Voivodeship, Poland",1 version reference
975,Letter,25 February 1624,"Schickard, Wilhelm, 1592-1635","Tübingen, Baden-Württemberg, Germany","Kepler, Johannes, 1571-1630","Linz, Upper Austria, Austria",1 version reference
976,Letter,25 February 1624,"Falco, Johannes, 1599-1634","Tübingen, Baden-Württemberg, Germany","Kepler, Johannes, 1571-1630","Linz, Upper Austria, Austria",1 version reference
977,Letter,28 February 1624,"Kepler, Johannes, 1571-1630","Linz, Upper Austria, Austria","Crüger, Peter, 1580-1639","Gdańsk, Pomeranian Voivodeship, Poland",1 version reference
978,Letter,21 March 1624,"Hebenstreit, Johann Baptist, 1580-1638","Ulm, Baden-Württemberg, Germany","Kepler, Johannes, 1571-1630","Linz, Upper Austria, Austria",1 version reference
979,Letter,28 March 1624,"Kepler, Johannes, 1571-1630","Linz, Upper Austria, Austria","Guldin, Paul, 1577-1643","Vienna, Wien, Austria",1 version reference
980,Letter,29 March 1624,"Kepler, Johannes, 1571-1630","Linz, Upper Austria, Austria","Bernegger, Matthias, 1582-1640","Strasbourg, Grand Est, France",1 version reference
981,Letter,30 March 1624,"Bernegger, Matthias, 1582-1640","Strasbourg, Grand Est, France","Kepler, Johannes, 1571-1630","Linz, Upper Austria, Austria",1 version reference
982,Letter,14 April 1624,"Crüger, Peter, 1580-1639","Gdańsk, Pomeranian Voivodeship, Poland","Müller, Philip, 1585-1659","Leipzig, Saxony, Germany",1 version reference
983,Letter,14 April 1624,"Bernegger, Matthias, 1582-1640","Strasbourg, Grand Est, France","Kepler, Johannes, 1571-1630","Linz, Upper Austria, Austria",1 version reference
984,Letter,11 May 1624,"Hebenstreit, Johann Baptist, 1580-1638","Ulm, Baden-Württemberg, Germany","Kepler, Johannes, 1571-1630","Linz, Upper Austria, Austria",1 version reference
985,Letter,11 May 1624,"Schickard, Wilhelm, 1592-1635","Tübingen, Baden-Württemberg, Germany","Kepler, Johannes, 1571-1630","Linz, Upper Austria, Austria",1 version reference
986,Letter,20 May 1624,"Kepler, Johannes, 1571-1630","Linz, Upper Austria, Austria","Bernegger, Matthias, 1582-1640","Strasbourg, Grand Est, France",1 version reference
987,Letter,5 June 1624,"Rüttel, Friedrich, 1579-1634","Stuttgart, Baden-Württemberg, (Swabian Imperial Circle) Germany, (Holy Roman Empire)","Kepler, Johannes, 1571-1630","Linz, Upper Austria, Austria",1 version reference
988,Letter,6 June 1624,"Schickard, Wilhelm, 1592-1635","Tübingen, Baden-Württemberg, Germany","Kepler, Johannes, 1571-1630","Linz, Upper Austria, Austria",1 version reference
989,Letter,6 July 1624,"Lansius, Thomas, 1577-1657","Tübingen, Baden-Württemberg, Germany","Kepler, Johannes, 1571-1630","Linz, Upper Austria, Austria",1 version reference
990,Letter,12 July 1624,"Bernegger, Matthias, 1582-1640","Strasbourg, Grand Est, France","Kepler, Johannes, 1571-1630","Linz, Upper Austria, Austria",1 version reference
991,Letter,12 July 1624,"Crüger, Peter, 1580-1639","Gdańsk, Pomeranian Voivodeship, Poland","Kepler, Johannes, 1571-1630","Linz, Upper Austria, Austria",1 version reference
992,Letter,24 August 1624,"Rüttel, Friedrich, 1579-1634","Stuttgart, Baden-Württemberg, (Swabian Imperial Circle) Germany, (Holy Roman Empire)","Kepler, Johannes, 1571-1630","Linz, Upper Austria, Austria",1 version reference
993,Letter,30 August 1624,"Kepler, Johannes, 1571-1630","Linz, Upper Austria, Austria","Guldin, Paul, 1577-1643","Vienna, Wien, Austria",1 version reference
994,Letter,31 August 1624,"Rhodius, Ambrosius, 1577-1633","Wittenberg, Saxony-Anhalt, Germany","Kepler, Johannes, 1571-1630","Linz, Upper Austria, Austria",1 version reference
995,Letter,7 September 1624,"Hessen-Butzbach, Philipp III von, 1581-1643","Butzbach, Hesse, Germany, (Holy Roman Empire)","Kepler, Johannes, 1571-1630","Linz, Upper Austria, Austria",1 version reference
996,Letter,9 September 1624,"Kepler, Johannes, 1571-1630","Linz, Upper Austria, Austria","Crüger, Peter, 1580-1639","Gdańsk, Pomeranian Voivodeship, Poland",1 version reference
997,Letter,30 September 1624,"Schickard, Wilhelm, 1592-1635","Tübingen, Baden-Württemberg, Germany","Kepler, Johannes, 1571-1630","Linz, Upper Austria, Austria",1 version reference
998,Letter,4 November 1624,"Starhemberg, Erasmus von, 1575-1648","Linz, Upper Austria, Austria","Kepler, Johannes, 1571-1630","Vienna, Wien, Austria",1 version reference
999,Letter,20 November 1624,"Taxis, Gerhard von, 1578-1654","Vienna, Wien, Austria","Hochkircher, Christoph von, fl. 1624","Vienna, Wien, Austria",1 version reference
1000,Letter,20 November 1624,"Taxis, Gerhard von, 1578-1654","Vienna, Wien, Austria","Kepler, Johannes, 1571-1630","Linz, Upper Austria, Austria",1 version reference
1001,Letter,16 December 1624,"Taxis, Gerhard von, 1578-1654","Vienna, Wien, Austria","Kepler, Johannes, 1571-1630","Vienna, Wien, Austria",1 version reference
1002,Letter,22 December 1624,"Taxis, Gerhard von, 1578-1654","Vienna, Wien, Austria","Hochkircher, Christoph von, fl. 1624","Vienna, Wien, Austria",1 version reference
1003,Letter,1624,"Kepler, Johannes, 1571-1630","Linz, Upper Austria, Austria","Hohenfelder, Ludwig von, 1576-1644","Schloss Weidenholz, Weidenholz, Upper Austria, Austria",1 version reference
1004,Letter,25 January 1625,"Kepler, Johannes, 1571-1630","Linz, Upper Austria, Austria","Brahe, Georg, b.1583","Prague, Czech Republic",1 version reference
1005,Letter,20 February 1625,"Briggs, Henry, 1561-1631","Oxford, Oxfordshire, England","Kepler, Johannes, 1571-1630","Linz, Upper Austria, Austria",1 version reference
1006,Letter,23 March 1625,"Rüttel, Friedrich, 1579-1634","Stuttgart, Baden-Württemberg, (Swabian Imperial Circle) Germany, (Holy Roman Empire)","Kepler, Johannes, 1571-1630","Linz, Upper Austria, Austria",1 version reference
1007,Letter,23 April 1625,"Hessen-Butzbach, Philipp III von, 1581-1643","Butzbach, Hesse, Germany, (Holy Roman Empire)","Kepler, Johannes, 1571-1630","Linz, Upper Austria, Austria",1 version reference
1008,Letter,April 1625,"Bartsch, Jakob, 1600-1633","Strasbourg, Grand Est, France","Kepler, Johannes, 1571-1630","Linz, Upper Austria, Austria",1 version reference
1009,Letter,1 May 1625,"Höritzer von Steinbach, Hans Wolf, fl. 1625","Vienna, Wien, Austria","Kepler, Johannes, 1571-1630","Linz, Upper Austria, Austria",1 version reference
1010,Letter,5 May 1625,"Rüttel, Friedrich, 1579-1634","Stuttgart, Baden-Württemberg, (Swabian Imperial Circle) Germany, (Holy Roman Empire)","Kepler, Johannes, 1571-1630","Rosswälden, Baden-Württemberg, Germany",1 version reference
1011,Letter,24 May 1625,"Rüttel, Friedrich, 1579-1634","Stuttgart, Baden-Württemberg, (Swabian Imperial Circle) Germany, (Holy Roman Empire)","Kepler, Johannes, 1571-1630","Rosswälden, Baden-Württemberg, Germany",1 version reference
1012,Letter,4 June 1625,"Bernegger, Matthias, 1582-1640","Strasbourg, Grand Est, France","Kepler, Johannes, 1571-1630","Tübingen, Baden-Württemberg, Germany",1 version reference
1013,Letter,8 June 1625,"Schickard, Wilhelm, 1592-1635","Tübingen, Baden-Württemberg, Germany","Bernegger, Matthias, 1582-1640","Strasbourg, Grand Est, France",1 version reference
1014,Letter,30 June 1625,"Kepler, Johannes, 1571-1630","Tübingen, Baden-Württemberg, Germany","Bernegger, Matthias, 1582-1640","Strasbourg, Grand Est, France",1 version reference
1015,Letter,13 August 1625,"Hebenstreit, Johann Baptist, 1580-1638","Ulm, Baden-Württemberg, Germany","Kepler, Johannes, 1571-1630","Regensburg, Bavaria, Germany",1 version reference
1016,Letter,20 August 1625,"Schörkl, Martin, fl. 1625","Prague, Czech Republic","Kepler, Johannes, 1571-1630","Linz, Upper Austria, Austria",1 version reference
1017,Letter,August 1625,"Kepler, Johannes, 1571-1630","Linz, Upper Austria, Austria","Guldin, Paul, 1577-1643","Vienna, Wien, Austria",1 version reference
1018,Letter,7 September 1625,"Schickard, Wilhelm, 1592-1635","Tübingen, Baden-Württemberg, Germany","Kepler, Johannes, 1571-1630","Linz, Upper Austria, Austria",1 version reference
1019,Letter,17 September 1625,"Hebenstreit, Johann Baptist, 1580-1638","Ulm, Baden-Württemberg, Germany","Kepler, Johannes, 1571-1630","Linz, Upper Austria, Austria",1 version reference
1020,Letter,17 September 1625,"Hebenstreit, Johann Baptist, 1580-1638","Ulm, Baden-Württemberg, Germany","Kepler, Johannes, 1571-1630","Linz, Upper Austria, Austria",1 version reference
1021,Letter,25 September 1625,"Taxis, Gerhard von, 1578-1654","Jičín, Královéhradecký kraj, Czech Republic","Kepler, Johannes, 1571-1630","Linz, Upper Austria, Austria",1 version reference
1022,Letter,1 October 1625,"Hebenstreit, Johann Baptist, 1580-1638","Ulm, Baden-Württemberg, Germany","Kepler, Johannes, 1571-1630","Linz, Upper Austria, Austria",1 version reference
1023,Letter,4 November 1625,"Kepler, Johannes, 1571-1630","Linz, Upper Austria, Austria","Taxis, Gerhard von, 1578-1654","Jičín, Královéhradecký kraj, Czech Republic",1 version reference
1024,Letter,10 December 1625,"Kepler, Johannes, 1571-1630","Linz, Upper Austria, Austria","Guldin, Paul, 1577-1643","Vienna, Wien, Austria",1 version reference
1025,Letter,20 December 1625,"Eckebrecht, Phillip, 1594-1667","Nuremberg, Bavaria, Germany","Kepler, Johannes, 1571-1630","Linz, Upper Austria, Austria",1 version reference
1026,Letter,7 February 1626,"Kepler, Johannes, 1571-1630","Linz, Upper Austria, Austria","Guldin, Paul, 1577-1643","Vienna, Wien, Austria",1 version reference
1027,Letter,25 April 1626,"Kepler, Johannes, 1571-1630","Linz, Upper Austria, Austria","Schickard, Wilhelm, 1592-1635","Tübingen, Baden-Württemberg, Germany",1 version reference
1028,Letter,1 May 1626,"Kepler, Johannes, 1571-1630","Linz, Upper Austria, Austria","Crüger, Peter, 1580-1639","Gdańsk, Pomeranian Voivodeship, Poland",1 version reference
1029,Letter,14 July 1626,"Bernegger, Matthias, 1582-1640","Strasbourg, Grand Est, France","Kepler, Johannes, 1571-1630","Linz, Upper Austria, Austria",1 version reference
1030,Letter,29 July 1626,"Schickard, Wilhelm, 1592-1635","Tübingen, Baden-Württemberg, Germany","Schickard, Lukas, fl. 1638","Geneva, Geneva, Switzerland",1 version reference
1031,Letter,27 September 1626,"Besold, Christoph, 1577-1638","Tübingen, Baden-Württemberg, Germany","Kepler, Johannes, 1571-1630","Linz, Upper Austria, Austria",1 version reference
1032,Letter,1 October 1626,"Kepler, Johannes, 1571-1630","Linz, Upper Austria, Austria","Guldin, Paul, 1577-1643","Vienna, Wien, Austria",1 version reference
1033,Letter,4 November 1626,"Kepler, Johannes, 1571-1630","Linz, Upper Austria, Austria","Upper Austria, Estates of","Linz, Upper Austria, Austria",1 version reference
1034,Letter,26 December 1626,"Kepler, Johannes, 1571-1630","Linz, Upper Austria, Austria","Schickard, Wilhelm, 1592-1635","Tübingen, Baden-Württemberg, Germany",1 version reference
1035,Letter,1626,"Kepler, Johannes, 1571-1630","Linz, Upper Austria, Austria","Upper Austria, Government of","Linz, Upper Austria, Austria",1 version reference
1036,Letter,14 January 1627,"Mögling, Daniel, 1596-1635",,"Schickard, Wilhelm, 1592-1635","Tübingen, Baden-Württemberg, Germany",1 version reference
1037,Letter,15 January 1627,"Hessen-Butzbach, Philipp III von, 1581-1643","Butzbach, Hesse, Germany, (Holy Roman Empire)","Kepler, Johannes, 1571-1630","Ulm, Baden-Württemberg, Germany",1 version reference
1038,Letter,23 January 1627,"Kepler, Johannes, 1571-1630","Ulm, Baden-Württemberg, Germany","Schickard, Wilhelm, 1592-1635","Tübingen, Baden-Württemberg, Germany",1 version reference
1039,Letter,8 February 1627,"Kepler, Johannes, 1571-1630","Ulm, Baden-Württemberg, Germany","Bernegger, Matthias, 1582-1640","Strasbourg, Grand Est, France",1 version reference
1040,Letter,10 February 1627,"Kepler, Johannes, 1571-1630","Ulm, Baden-Württemberg, Germany","Schickard, Wilhelm, 1592-1635","Tübingen, Baden-Württemberg, Germany",1 version reference
1041,Letter,23 February 1627,"Bernegger, Matthias, 1582-1640","Strasbourg, Grand Est, France","Kepler, Johannes, 1571-1630","Ulm, Baden-Württemberg, Germany",1 version reference
1042,Letter,20 March 1627,"Kepler, Johannes, 1571-1630","Ulm, Baden-Württemberg, Germany","Schickard, Wilhelm, 1592-1635","Tübingen, Baden-Württemberg, Germany",1 version reference
1043,Letter,6 April 1627,"Kepler, Johannes, 1571-1630","Ulm, Baden-Württemberg, Germany","Bernegger, Matthias, 1582-1640","Strasbourg, Grand Est, France",1 version reference
1044,Letter,14 April 1627,"Brahe, Georg, b.1583","Prague, Czech Republic","Kepler, Johannes, 1571-1630","Ulm, Baden-Württemberg, Germany",1 version reference
1045,Letter,19 April 1627,"Kepler, Johannes, 1571-1630","Ulm, Baden-Württemberg, Germany","Schickard, Wilhelm, 1592-1635","Tübingen, Baden-Württemberg, Germany",1 version reference
1046,Letter,20 April 1627,"Kepler, Johannes, 1571-1630","Ulm, Baden-Württemberg, Germany","Brahe, Georg, b.1583; Brahe, Tycho, b.1581","Prague, Czech Republic",1 version reference
1047,Letter,5 May 1627,"Kepler, Johannes, 1571-1630","Ulm, Baden-Württemberg, Germany","Schickard, Wilhelm, 1592-1635","Tübingen, Baden-Württemberg, Germany",1 version reference
1048,Letter,6 May 1627,"Kepler, Johannes, 1571-1630","Ulm, Baden-Württemberg, Germany","Bernegger, Matthias, 1582-1640","Strasbourg, Grand Est, France",1 version reference
1049,Letter,13 May 1627,"Curtz, Albert, 1600-1671","Dillingen an der Donau, Bavaria, Germany","Kepler, Johannes, 1571-1630","Ulm, Baden-Württemberg, Germany",1 version reference
1050,Letter,5 June 1627,"Bernegger, Matthias, 1582-1640","Strasbourg, Grand Est, France","Kepler, Johannes, 1571-1630","Ulm, Baden-Württemberg, Germany",1 version reference
1051,Letter,7 June 1627,"Kepler, Johannes, 1571-1630","Ulm, Baden-Württemberg, Germany","Schickard, Wilhelm, 1592-1635","Tübingen, Baden-Württemberg, Germany",1 version reference
1052,Letter,10 June 1627,"Curtz, Albert, 1600-1671","Dillingen an der Donau, Bavaria, Germany","Kepler, Johannes, 1571-1630","Ulm, Baden-Württemberg, Germany",1 version reference
1053,Letter,20 June 1627,"Mögling, Daniel, 1596-1635","Butzbach, Hesse, Germany, (Holy Roman Empire)","Schickard, Wilhelm, 1592-1635","Tübingen, Baden-Württemberg, Germany",1 version reference
1054,Letter,25 June 1627,"Curtz, Albert, 1600-1671","Dillingen an der Donau, Bavaria, Germany","Kepler, Johannes, 1571-1630","Ulm, Baden-Württemberg, Germany",1 version reference
1055,Letter,19 July 1627,"Curtz, Albert, 1600-1671","Wiesensteig, Baden-Württemberg, Germany","Kepler, Johannes, 1571-1630","Ulm, Baden-Württemberg, Germany",1 version reference
1056,Letter,26 August 1627,"Curtz, Albert, 1600-1671","Dillingen an der Donau, Bavaria, Germany","Kepler, Johannes, 1571-1630","Ulm, Baden-Württemberg, Germany",1 version reference
1057,Letter,28 August 1627,"Galilei, Galileo, 1564-1642","Bellosguardo , Florence, Tuscany, Italy","Kepler, Johannes, 1571-1630","Ulm, Baden-Württemberg, Germany",1 version reference
1058,Letter,3 September 1627,"Curtz, Albert, 1600-1671",,"Kepler, Johannes, 1571-1630","Ulm, Baden-Württemberg, Germany",1 version reference
1059,Letter,2 October 1627,"Kepler, Johannes, 1571-1630","Frankfurt am Main, Hesse, Germany","Bernegger, Matthias, 1582-1640","Strasbourg, Grand Est, France",1 version reference
1060,Letter,17 October 1627,"Bernegger, Matthias, 1582-1640","Strasbourg, Grand Est, France","Kepler, Johannes, 1571-1630","Ulm, Baden-Württemberg, Germany",1 version reference
1061,Letter,20 October 1627,"Upper Austria, Estates of","Linz, Upper Austria, Austria","Kepler, Johannes, 1571-1630",,1 version reference
1062,Letter,2 November 1627,"Kepler, Johannes, 1571-1630","Ulm, Baden-Württemberg, Germany","Esslingen, City Council of, fl. 1627","Esslingen, Baden-Württemberg, Germany",1 version reference
1063,Letter,5 November 1627,"Schleicher, Sigmund, fl. 1627","Ulm, Baden-Württemberg, Germany","Kepler, Johannes, 1571-1630","Ulm, Baden-Württemberg, Germany",1 version reference
1064,Letter,14 November 1627,"Kepler, Johannes, 1571-1630","Ulm, Baden-Württemberg, Germany","Schleicher, Sigmund, fl. 1627","Ulm, Baden-Württemberg, Germany",1 version reference
1065,Letter,19 November 1627,"Kepler, Johannes, 1571-1630","Ulm, Baden-Württemberg, Germany","Besold, Christoph, 1577-1638","Tübingen, Baden-Württemberg, Germany",1 version reference
1066,Letter,19 November 1627,"Kepler, Johannes, 1571-1630","Ulm, Baden-Württemberg, Germany","Bernegger, Matthias, 1582-1640","Strasbourg, Grand Est, France",1 version reference
1067,Letter,19 November 1627,"Kepler, Johannes, 1571-1630","Ulm, Baden-Württemberg, Germany","Schickard, Wilhelm, 1592-1635","Tübingen, Baden-Württemberg, Germany",1 version reference
1068,Letter,November 1627,"Kepler, Johannes, 1571-1630","Ulm, Baden-Württemberg, Germany","Ulm, City Council of","Ulm, Baden-Württemberg, Germany",1 version reference
1069,Letter,November 1627,"Kepler, Johannes, 1571-1630","Ulm, Baden-Württemberg, Germany","Hessen-Darmstadt, Georg II von, 1605-1661",,1 version reference
1070,Letter,1627,"Kepler, Johannes, 1571-1630",,Unknown,,1 version reference
1071,Letter,8 January 1628,"Auracher, Wolf, fl. 1628","Regensburg, Bavaria, Germany","Kepler, Johannes, 1571-1630","Prague, Czech Republic",1 version reference
1072,Letter,10 February 1628,"Bernegger, Matthias, 1582-1640","Strasbourg, Grand Est, France","Clutenius, Joachim, fl. 1628","Strasbourg, Grand Est, France",1 version reference
1073,Letter,11 February 1628,"Kepler, Johannes, 1571-1630","Prague, Czech Republic","Upper Austria, Estates of","Linz, Upper Austria, Austria",1 version reference
1074,Letter,13 February 1628,"Bernegger, Matthias, 1582-1640","Strasbourg, Grand Est, France","Kepler, Johannes, 1571-1630","Prague, Czech Republic",1 version reference
1075,Letter,24 February 1628,"Bernegger, Matthias, 1582-1640","Strasbourg, Grand Est, France","Hebenstreit, Johann Baptist, 1580-1638","Ulm, Baden-Württemberg, Germany",1 version reference
1076,Letter,28 February 1628,"Kepler, Johannes, 1571-1630","Prague, Czech Republic","Guldin, Paul, 1577-1643","Vienna, Wien, Austria",1 version reference
1077,Letter,28 February 1628,"Kepler, Johannes, 1571-1630","Prague, Czech Republic","Johann Georg I, Elector of Saxony, 1585-1656",,1 version reference
1078,Letter,4 March 1628,"Kepler, Johannes, 1571-1630","Prague, Czech Republic","Schickard, Wilhelm, 1592-1635","Tübingen, Baden-Württemberg, Germany",1 version reference
1079,Letter,4 March 1628,"Kepler, Johannes, 1571-1630","Prague, Czech Republic","Bernegger, Matthias, 1582-1640","Strasbourg, Grand Est, France",1 version reference
1080,Letter,11 March 1628,"Lebzelter, Friedrich, fl. 1628","Prague, Czech Republic","Johann Georg I, Elector of Saxony, 1585-1656",,1 version reference
1081,Letter,19 March 1628,"Bernegger, Matthias, 1582-1640","Strasbourg, Grand Est, France","Kepler, Johannes, 1571-1630","Prague, Czech Republic",1 version reference
1082,Letter,22 March 1628,"Horst, Gregor, 1578-1636","Ulm, Baden-Württemberg, Germany","Kepler, Johannes, 1571-1630","Prague, Czech Republic",1 version reference
1083,Letter,29 March 1628,"Guldin, Paul, 1577-1643","Vienna, Wien, Austria","Kepler, Johannes, 1571-1630","Prague, Czech Republic",1 version reference
1084,Letter,14 April 1628,"Bachmayer, Wolfgang, 1597-1685","Mähringen, Baden-Württemberg, Germany","Kepler, Johannes, 1571-1630","Prague, Czech Republic",1 version reference
1085,Letter,15 April 1628,"Kepler, Johannes, 1571-1630","Prague, Czech Republic","Bernegger, Matthias, 1582-1640","Strasbourg, Grand Est, France",1 version reference
1086,Letter,6 May 1628,"Bossius, Stephan, fl. 1628","Vienna, Wien, Austria","Kepler, Johannes, 1571-1630","Prague, Czech Republic",1 version reference
1087,Letter,13 May 1628,"Kepler, Johannes, 1571-1630","Prague, Czech Republic","Wallenstein, Albrecht Wenzel Eusebius von, 1583-1634",,1 version reference
1088,Letter,15 June 1628,"Bernegger, Matthias, 1582-1640","Strasbourg, Grand Est, France","Kepler, Johannes, 1571-1630","Prague, Czech Republic",1 version reference
1089,Letter,1 August 1628,"Wallenstein, Albrecht Wenzel Eusebius von, 1583-1634",,"Kepler, Johannes, 1571-1630","Zagań, Lubusz, Poland",1 version reference
1090,Letter,7 August 1628,"Kepler, Johannes, 1571-1630","Zagań, Lubusz, Poland","Brahe, Georg, b.1583","Prague, Czech Republic",1 version reference
1091,Letter,30 August 1628,"Bernegger, Matthias, 1582-1640","Strasbourg, Grand Est, France","Schickard, Wilhelm, 1592-1635","Tübingen, Baden-Württemberg, Germany",1 version reference
1092,Letter,1 September 1628,"Bartsch, Jakob, 1600-1633","Lubań, Lower Silesia, Poland","Kepler, Johannes, 1571-1630",,1 version reference
1093,Letter,4 September 1628,"Bernegger, Matthias, 1582-1640","Strasbourg, Grand Est, France","Kepler, Johannes, 1571-1630","Zagań, Lubusz, Poland",1 version reference
1094,Letter,8 September 1628,"Schickard, Wilhelm, 1592-1635","Tübingen, Baden-Württemberg, Germany","Bernegger, Matthias, 1582-1640","Strasbourg, Grand Est, France",1 version reference
1095,Letter,20 September 1628,"Bernegger, Matthias, 1582-1640","Strasbourg, Grand Est, France","Schickard, Wilhelm, 1592-1635","Tübingen, Baden-Württemberg, Germany",1 version reference
1096,Letter,6 November 1628,"Kepler, Johannes, 1571-1630","Zagań, Lubusz, Poland","Bartsch, Jakob, 1600-1633",,1 version reference
1097,Letter,11 December 1628,"Quietanus, Johannes Remus, 1588-1654","Rouffach, Grand Est, France","Kepler, Johannes, 1571-1630","Zagań, Lubusz, Poland",1 version reference
1098,Letter,1628,"Kepler, Johannes, 1571-1630","Prague, Czech Republic","Guldin, Paul, 1577-1643","Vienna, Wien, Austria",1 version reference
1099,Letter,3 January 1629,"Wallenstein, Albrecht Wenzel Eusebius von, 1583-1634","Güstrow, Mecklenburg-Vorpommern, Germany","Kepler, Johannes, 1571-1630","Zagań, Lubusz, Poland",1 version reference
1100,Letter,13 January 1629,"Bernegger, Matthias, 1582-1640","Strasbourg, Grand Est, France","Kepler, Johannes, 1571-1630","Zagań, Lubusz, Poland",1 version reference
1101,Letter,1 February 1629,"Wallenstein, Albrecht Wenzel Eusebius von, 1583-1634","Güstrow, Mecklenburg-Vorpommern, Germany","Kepler, Johannes, 1571-1630","Zagań, Lubusz, Poland",1 version reference
1102,Letter,3 February 1629,"Kepler, Johannes, 1571-1630","Zagań, Lubusz, Poland","Avianus, Wilhelm, d.1636","Leipzig, Saxony, Germany",1 version reference
1103,Letter,10 February 1629,"Kepler, Johannes, 1571-1630","Zagań, Lubusz, Poland","Wallenstein, Albrecht Wenzel Eusebius von, 1583-1634","Güstrow, Mecklenburg-Vorpommern, Germany",1 version reference
1104,Letter,24 February 1629,"Kepler, Johannes, 1571-1630","Zagań, Lubusz, Poland","Wallenstein, Albrecht Wenzel Eusebius von, 1583-1634",,1 version reference
1105,Letter,2 March 1629,"Kepler, Johannes, 1571-1630","Zagań, Lubusz, Poland","Bernegger, Matthias, 1582-1640","Strasbourg, Grand Est, France",1 version reference
1106,Letter,2 March 1629,"Kepler, Johannes, 1571-1630","Zagań, Lubusz, Poland","Quietanus, Johannes Remus, 1588-1654","Rouffach, Grand Est, France",1 version reference
1107,Letter,22 March 1629,"Bernegger, Matthias, 1582-1640","Strasbourg, Grand Est, France","Bartsch, Jakob, 1600-1633","Lubań, Lower Silesia, Poland",1 version reference
1108,Letter,29 April 1629,"Kepler, Johannes, 1571-1630","Görlitz, Saxony, Germany","Bernegger, Matthias, 1582-1640","Strasbourg, Grand Est, France",1 version reference
1109,Letter,29 April 1629,"Kepler, Johannes, 1571-1630","Zagań, Lubusz, Poland","Bernegger, Matthias, 1582-1640","Strasbourg, Grand Est, France",1 version reference
1110,Letter,30 April 1629,"Bartsch, Jakob, 1600-1633","Lubań, Lower Silesia, Poland","Müller, Philip, 1585-1659","Leipzig, Saxony, Germany",1 version reference
1111,Letter,14 May 1629,"Bernegger, Matthias, 1582-1640","Strasbourg, Grand Est, France","Kepler, Johannes, 1571-1630","Zagań, Lubusz, Poland",1 version reference
1112,Letter,5 July 1629,"Bernegger, Matthias, 1582-1640","Strasbourg, Grand Est, France","Kepler, Johannes, 1571-1630","Zagań, Lubusz, Poland",1 version reference
1113,Letter,22 July 1629,"Kepler, Johannes, 1571-1630","Görlitz, Saxony, Germany","Schickard, Wilhelm, 1592-1635","Tübingen, Baden-Württemberg, Germany",1 version reference
1114,Letter,22 July 1629,"Kepler, Johannes, 1571-1630","Görlitz, Saxony, Germany","Bernegger, Matthias, 1582-1640","Strasbourg, Grand Est, France",1 version reference
1115,Letter,24 July 1629,"Kepler, Johannes, 1571-1630","Görlitz, Saxony, Germany","Taxis, Gerhard von, 1578-1654","Jičín, Královéhradecký kraj, Czech Republic",1 version reference
1116,Letter,8 August 1629,"Bartsch, Jakob, 1600-1633","Lubań, Lower Silesia, Poland","Müller, Philip, 1585-1659","Leipzig, Saxony, Germany",1 version reference
1117,Letter,4 September 1629,"Kepler, Johannes, 1571-1630","Zagań, Lubusz, Poland","Bernegger, Matthias, 1582-1640","Strasbourg, Grand Est, France",1 version reference
1118,Letter,10 October 1629,"Kepler, Johannes, 1571-1630","Zagań, Lubusz, Poland","Taxis, Gerhard von, 1578-1654","Jičín, Královéhradecký kraj, Czech Republic",1 version reference
1119,Letter,27 October 1629,"Kepler, Johannes, 1571-1630","Zagań, Lubusz, Poland","Müller, Philip, 1585-1659","Leipzig, Saxony, Germany",1 version reference
1120,Letter,23 November 1629,"Kepler, Johannes, 1571-1630","Zagań, Lubusz, Poland","Müller, Philip, 1585-1659","Leipzig, Saxony, Germany",1 version reference
1121,Letter,29 December 1629,"Pieronius, Johannes, fl. 1629","Vienna, Wien, Austria","Galilei, Galileo, 1564-1642","Florence, Tuscany, Italy",1 version reference
1122,Letter,30 December 1629,"Bernegger, Matthias, 1582-1640","Strasbourg, Grand Est, France","Kepler, Johannes, 1571-1630","Zagań, Lubusz, Poland",1 version reference
1123,Letter,4 January 1630,"Kepler, Johannes, 1571-1630","Zagań, Lubusz, Poland","Müller, Philip, 1585-1659","Leipzig, Saxony, Germany",1 version reference
1124,Letter,18 January 1630,"Bernegger, Matthias, 1582-1640","Strasbourg, Grand Est, France","Kepler, Johannes, 1571-1630","Zagań, Lubusz, Poland",1 version reference
1125,Letter,26 January 1630,"Kepler, Johannes, 1571-1630","Zagań, Lubusz, Poland","Müller, Philip, 1585-1659","Leipzig, Saxony, Germany",1 version reference
1126,Letter,11 February 1630,"Griessel, Heinrich von, fl. 1630","Friedland, Lower Saxony, Germany","Kepler, Johannes, 1571-1630","Zagań, Lubusz, Poland",1 version reference
1127,Letter,16 February 1630,"Kepler, Johannes, 1571-1630","Zagań, Lubusz, Poland","Bernegger, Matthias, 1582-1640","Strasbourg, Grand Est, France",1 version reference
1128,Letter,27 February 1630,"Kepler, Johannes, 1571-1630","Zagań, Lubusz, Poland","Müller, Philip, 1585-1659","Leipzig, Saxony, Germany",1 version reference
1129,Letter,6 March 1630,"Kepler, Johannes, 1571-1630","Zagań, Lubusz, Poland","Wallenstein, Albrecht Wenzel Eusebius von, 1583-1634",,1 version reference
1130,Letter,12 March 1630,"Bernegger, Matthias, 1582-1640","Strasbourg, Grand Est, France","Braunschweig-Wolfenbüttel, August II von, 1579-1666",,1 version reference
1131,Letter,22 March 1630,"Bernegger, Matthias, 1582-1640","Strasbourg, Grand Est, France","Kepler, Johannes, 1571-1630","Zagań, Lubusz, Poland",1 version reference
1132,Letter,28 March 1630,"Wallenstein, Albrecht Wenzel Eusebius von, 1583-1634","Jičín, Královéhradecký kraj, Czech Republic","Upper Austria, Estates of","Linz, Upper Austria, Austria",1 version reference
1133,Letter,March 1630,"Hessen-Butzbach, Philipp III von, 1581-1643","Butzbach, Hesse, Germany, (Holy Roman Empire)","Kepler, Johannes, 1571-1630","Zagań, Lubusz, Poland",1 version reference
1134,Letter,7 April 1630,"Wallenstein, Albrecht Wenzel Eusebius von, 1583-1634","Jičín, Královéhradecký kraj, Czech Republic","Becker, David, fl. 1630","Halberstadt, Saxony-Anhalt, Germany",1 version reference
1135,Letter,10 April 1630,"Kepler, Johannes, 1571-1630","Jičín, Královéhradecký kraj, Czech Republic","Chamberates of Albrecht von Wallenstein, fl. 1630","Jičín, Královéhradecký kraj, Czech Republic",1 version reference
1136,Letter,22 April 1630,"Kepler, Johannes, 1571-1630","Zagań, Lubusz, Poland","Müller, Philip, 1585-1659","Leipzig, Saxony, Germany",1 version reference
1137,Letter,April 1630,"Kepler, Johannes, 1571-1630","Zagań, Lubusz, Poland","Wallenstein, Albrecht Wenzel Eusebius von, 1583-1634","Jičín, Královéhradecký kraj, Czech Republic",1 version reference
1138,Letter,6 May 1630,"Kepler, Johannes, 1571-1630","Zagań, Lubusz, Poland","Bernegger, Matthias, 1582-1640","Strasbourg, Grand Est, France",1 version reference
1139,Letter,28 May 1630,"Becker, David, fl. 1630","Halberstadt, Saxony-Anhalt, Germany","Kepler, Johannes, 1571-1630","Zagań, Lubusz, Poland",1 version reference
1140,Letter,26 August 1630,"Kepler, Johannes, 1571-1630","Zagań, Lubusz, Poland","Müller, Philip, 1585-1659","Leipzig, Saxony, Germany",1 version reference
1141,Letter,27 August 1630,"Gassendi, Pierre, 1592-1655","Paris, Île-de-France, France","Schickard, Wilhelm, 1592-1635","Tübingen, Baden-Württemberg, Germany",1 version reference
1142,Letter,27 August 1630,"Gassendi, Pierre, 1592-1655","Paris, Île-de-France, France","Kepler, Johannes, 1571-1630","Zagań, Lubusz, Poland",1 version reference
1143,Letter,2 September 1630,"Kepler, Johannes, 1571-1630","Lubań, Lower Silesia, Poland","Müller, Philip, 1585-1659","Leipzig, Saxony, Germany",1 version reference
1144,Letter,2 September 1630,"Diodati, Elia, 1576-1661","Geneva, Geneva, Switzerland","Schickard, Wilhelm, 1592-1635","Tübingen, Baden-Württemberg, Germany",1 version reference
1145,Letter,8 September 1630,"Bernegger, Matthias, 1582-1640","Strasbourg, Grand Est, France","Kepler, Johannes, 1571-1630","Frankfurt am Main, Hesse, Germany",1 version reference
1146,Letter,August 1630 - September 1630,"Bachmayer, Wolfgang, 1597-1685","Mähringen, Baden-Württemberg, Germany","Kepler, Johannes, 1571-1630","Zagań, Lubusz, Poland",1 version reference
1147,Letter,18 October 1630,"Kepler, Johannes, 1571-1630","Leipzig, Saxony, Germany","Wallenstein, Albrecht Wenzel Eusebius von, 1583-1634",,1 version reference
1148,Letter,21 October 1630,"Kepler, Johannes, 1571-1630","Leipzig, Saxony, Germany","Bernegger, Matthias, 1582-1640","Strasbourg, Grand Est, France",1 version reference
1149,Letter,24 January 1631,"Lansius, S., fl. 1631","Regensburg, Bavaria, Germany",Unknown,"Tübingen, Baden-Württemberg, Germany",1 version reference
1150,Letter,,"Kepler, Johannes, 1571-1630",,"Wacker von Wackenfels, Joannes Matthaeus, 1550-1619",,1 version reference
1151,Letter,,"Schallenberg, Georg Christoph von, fl. 1638",,"Kepler, Johannes, 1571-1630","Linz, Upper Austria, Austria",1 version reference
1152,Letter,,"Schallenberg, Georg Christoph von, fl. 1638",,"Kepler, Johannes, 1571-1630","Linz, Upper Austria, Austria",1 version reference
1153,Letter,,"Schallenberg, Georg Christoph von, fl. 1638","Vienna, Wien, Austria","Kepler, Johannes, 1571-1630","Linz, Upper Austria, Austria",1 version reference
1154,Letter,,"Krupsky, Jakob, fl. until 1630","Prague, Czech Republic","Kepler, Johannes, 1571-1630","Prague, Czech Republic",1 version reference
